id,email_normalized,message_bounce,name,complete_name,lang,tz,comment,active,type,street,street2,city,country_id/id,partner_latitude,partner_longitude,email,phone,mobile,company_id/id,color,partner_share,commercial_company_name,company_name,contact_address_complete,signup_type,calendar_last_notif_ack,team_id/id,partner_gid,ocn_token,debit_limit,invoice_warn,supplier_rank,customer_rank,picking_warn,purchase_warn,sale_warn,followup_reminder_type,x_studio_vat_registration_status,x_studio_svat_registration_status,x_studio_bank_guarantee_amount,x_studio_payment_method
res_partner_cell_05,cell05@jinasena.com.lk,0,Cell 05,Cell 05,en_US,Asia/Colombo,,1,contact,,,,,0.0,0.0,cell05@jinasena.com.lk,,,seed_master_data_and_settings.company_jinasena_pvt_ltd,3,1,,,,,2021-03-18 05:56:13,,0,b8cdfc8cc66e468eba4c567f9cf5a831,0.0,no-message,0,0,no-message,no-message,no-message,automatic,VAT Not Registered,SVAT Nor Registered,0.0,
res_partner_engineer_production,productionengineer@jinasena.com.lk,0,Engineer - Production,Engineer - Production,en_US,Asia/Colombo,,1,contact,,,,,0.0,0.0,productionengineer@jinasena.com.lk,,,seed_master_data_and_settings.company_jinasena_pvt_ltd,3,1,,,,,2021-03-18 05:56:13,,0,,0.0,no-message,1,2,no-message,no-message,no-message,automatic,VAT Not Registered,SVAT Nor Registered,0.0,Cash
res_partner_inventory_view_only,inventoryviewonly@jinasena.com.lk,0,Inventory View Only,Inventory View Only,en_US,Asia/Colombo,,1,contact,,,,,0.0,0.0,inventoryviewonly@jinasena.com.lk,,,seed_master_data_and_settings.company_jinasena_pvt_ltd,3,1,,,,,2021-03-18 05:56:13,,0,398034e2f8b44c198681f70f8f0bbe64,0.0,no-message,0,0,no-message,no-message,no-message,automatic,VAT Not Registered,SVAT Nor Registered,0.0,
res_partner_test_finance_user_po_invoicing_payment_i,po_inv@jinasena.com.lk,6,#$ Test Finance User - PO Invoicing & Payment - Inv - Cr,"Jinasena (Pvt) Ltd, #$ Test Finance User - PO Invoicing & Payment - Inv - Cr",en_US,Asia/Colombo,<p><br></p>,1,contact,,,,,0.0,0.0,PO_Inv@jinasena.com.lk,0111212354,2581452336,seed_master_data_and_settings.company_jinasena_pvt_ltd,0,1,Jinasena (Pvt) Ltd,Jinasena (Pvt) Ltd,,reset,2023-12-13 06:26:38,,0,,0.0,no-message,0,0,no-message,no-message,no-message,automatic,VAT Not Registered,SVAT Nor Registered,0.0,
res_partner_id_6625,,0,,"Jinasena Agricultural Machinery (Pvt) Ltd., Other Address",en_US,Asia/Colombo,,1,other,"No 186,",Elvitigala Mw,Colombo 08,,0.0,0.0,,0740600216,,seed_master_data_and_settings.company_jinasena_agricultural_machinery,0,1,Jinasena Agricultural Machinery (Pvt) Ltd.,,"No 186,, Elvitigala Mw, Colombo 08",,2025-12-02 11:17:35,,0,,0.0,no-message,0,0,no-message,no-message,no-message,automatic,VAT Not Registered,SVAT Nor Registered,0.0,
res_partner_id_6624,,0,,"Jinasena Agricultural Machinery (Pvt) Ltd., Other Address",en_US,Asia/Colombo,,1,other,"Ekala,",,Ja-Ela,,0.0,0.0,,,,seed_master_data_and_settings.company_jinasena_agricultural_machinery,0,1,Jinasena Agricultural Machinery (Pvt) Ltd.,,"Ekala,, Ja-Ela",,2025-12-02 11:17:35,,0,,0.0,no-message,0,0,no-message,no-message,no-message,automatic,VAT Not Registered,SVAT Nor Registered,0.0,
res_partner_id_7448,,0,,"KURUNEGALA CASH CUSTOMER, Other Address",en_US,Asia/Colombo,,1,other,KURUNEGALA,,,base.lk,0.0,0.0,,,,seed_master_data_and_settings.company_jinasena_agricultural_machinery,0,1,,,"KURUNEGALA, Sri Lanka",,2026-07-28 10:33:46,Jinasena_MasterData_Common.crm_team_kurunegala_sales_centre_560,0,,0.0,no-message,0,0,no-message,no-message,no-message,automatic,VAT Not Registered,SVAT Nor Registered,0.0,
res_partner_mo_creator,mocreator@jinasena.com.lk,0,MO Creator,MO Creator,en_US,Asia/Colombo,,1,contact,,,,,0.0,0.0,mocreator@jinasena.com.lk,,,seed_master_data_and_settings.company_jinasena_pvt_ltd,3,1,,,,,2021-03-18 05:56:13,,0,,0.0,no-message,0,0,no-message,no-message,no-message,automatic,VAT Not Registered,SVAT Nor Registered,0.0,
res_partner_no_contract_emp_e2e_1774858544719_388,,0,No Contract Emp [E2E-1774858544719-388],No Contract Emp [E2E-1774858544719-388],en_US,,,1,contact,,,,,0.0,0.0,,,,seed_master_data_and_settings.company_jinasena_pvt_ltd,0,1,,,,,2026-03-30 08:16:09,,0,,0.0,no-message,0,0,no-message,no-message,no-message,automatic,VAT Not Registered,SVAT Nor Registered,0.0,
res_partner_no_contract_emp_e2e_1774859271812_944,,0,No Contract Emp [E2E-1774859271812-944],No Contract Emp [E2E-1774859271812-944],en_US,,,1,contact,,,,,0.0,0.0,,,,seed_master_data_and_settings.company_jinasena_pvt_ltd,0,1,,,,,2026-03-30 08:29:55,,0,,0.0,no-message,0,0,no-message,no-message,no-message,automatic,VAT Not Registered,SVAT Nor Registered,0.0,
res_partner_no_contract_emp_e2e_1774859658436_170,,0,No Contract Emp [E2E-1774859658436-170],No Contract Emp [E2E-1774859658436-170],en_US,,,1,contact,,,,,0.0,0.0,,,,seed_master_data_and_settings.company_jinasena_pvt_ltd,0,1,,,,,2026-03-30 08:36:39,,0,,0.0,no-message,0,0,no-message,no-message,no-message,automatic,VAT Not Registered,SVAT Nor Registered,0.0,
res_partner_no_contract_emp_e2e_1774859959842_152,,0,No Contract Emp [E2E-1774859959842-152],No Contract Emp [E2E-1774859959842-152],en_US,,,1,contact,,,,,0.0,0.0,,,,seed_master_data_and_settings.company_jinasena_pvt_ltd,0,1,,,,,2026-03-30 08:41:46,,0,,0.0,no-message,0,0,no-message,no-message,no-message,automatic,VAT Not Registered,SVAT Nor Registered,0.0,
res_partner_no_contract_emp_e2e_1774860228580_378,,0,No Contract Emp [E2E-1774860228580-378],No Contract Emp [E2E-1774860228580-378],en_US,,,1,contact,,,,,0.0,0.0,,,,seed_master_data_and_settings.company_jinasena_pvt_ltd,0,1,,,,,2026-03-30 08:46:14,,0,,0.0,no-message,0,0,no-message,no-message,no-message,automatic,VAT Not Registered,SVAT Nor Registered,0.0,
res_partner_production_manager,productionmanager@jinasena.com.lk,0,Production Manager,Production Manager,en_US,Asia/Colombo,,1,contact,,,,,0.0,0.0,productionmanager@jinasena.com.lk,,,seed_master_data_and_settings.company_jinasena_pvt_ltd,3,1,,,,,2021-03-18 05:56:13,,0,,0.0,no-message,0,0,no-message,no-message,no-message,automatic,VAT Not Registered,SVAT Nor Registered,0.0,
res_partner_rubber_development_department,,0,RUBBER DEVELOPMENT DEPARTMENT,RUBBER DEVELOPMENT DEPARTMENT,en_US,Asia/Colombo,,1,contact,,,,,0.0,0.0,,,,seed_master_data_and_settings.company_jinasena_pvt_ltd,0,1,,,,,2026-02-25 04:10:47,,0,,0.0,no-message,0,1,no-message,no-message,no-message,automatic,VAT Not Registered,SVAT Nor Registered,0.0,
res_partner_store_keeper,storekeeper@jinasena.com.lk,0,Store Keeper,Store Keeper,en_US,Asia/Colombo,,1,contact,,,,,0.0,0.0,Storekeeper@jinasena.com.lk,,,seed_master_data_and_settings.company_jinasena_pvt_ltd,3,1,,,,,2021-03-18 05:56:13,,0,,0.0,no-message,0,0,no-message,no-message,no-message,automatic,VAT Not Registered,SVAT Nor Registered,0.0,
res_partner_stores_assistant_manager,storesassistantmanager@jinasena.com.lk,0,Stores Assistant Manager,Stores Assistant Manager,en_US,Asia/Colombo,,1,contact,,,,,0.0,0.0,storesassistantmanager@jinasena.com.lk,,,seed_master_data_and_settings.company_jinasena_pvt_ltd,3,1,,,,,2021-03-18 05:56:13,,0,,0.0,no-message,0,0,no-message,no-message,no-message,automatic,VAT Not Registered,SVAT Nor Registered,0.0,
res_partner_test_alice_johnson,alice.johnson@test-jinasena.com,0,Test - Alice Johnson,Test - Alice Johnson,en_US,Asia/Colombo,,1,contact,,,,,0.0,0.0,alice.johnson@test-jinasena.com,,,seed_master_data_and_settings.company_jinasena_pvt_ltd,0,1,,,,,2026-04-23 05:23:52,,0,,0.0,no-message,0,0,no-message,no-message,no-message,automatic,VAT Not Registered,SVAT Nor Registered,0.0,
res_partner_test_alice_johnson_7434,alice.johnson@test-jinasena.com,0,Test - Alice Johnson,Test - Alice Johnson,en_US,Asia/Colombo,,1,contact,,,,,0.0,0.0,alice.johnson@test-jinasena.com,,,seed_master_data_and_settings.company_jinasena_pvt_ltd,0,1,,,,,2026-04-23 05:04:50,,0,,0.0,no-message,0,0,no-message,no-message,no-message,automatic,VAT Not Registered,SVAT Nor Registered,0.0,
res_partner_test_alice_johnson_7430,alice.johnson@test-jinasena.com,0,Test - Alice Johnson,Test - Alice Johnson,en_US,Asia/Colombo,,1,contact,,,,,0.0,0.0,alice.johnson@test-jinasena.com,,,seed_master_data_and_settings.company_jinasena_pvt_ltd,0,1,,,,,2026-04-23 04:55:06,,0,,0.0,no-message,0,0,no-message,no-message,no-message,automatic,VAT Not Registered,SVAT Nor Registered,0.0,
res_partner_test_alice_johnson_7426,alice.johnson@test-jinasena.com,0,Test - Alice Johnson,Test - Alice Johnson,en_US,Asia/Colombo,,1,contact,,,,,0.0,0.0,alice.johnson@test-jinasena.com,,,seed_master_data_and_settings.company_jinasena_pvt_ltd,0,1,,,,,2026-04-23 04:44:18,,0,,0.0,no-message,0,0,no-message,no-message,no-message,automatic,VAT Not Registered,SVAT Nor Registered,0.0,
res_partner_test_alice_johnson_7422,alice.johnson@test-jinasena.com,0,Test - Alice Johnson,Test - Alice Johnson,en_US,Asia/Colombo,,1,contact,,,,,0.0,0.0,alice.johnson@test-jinasena.com,,,seed_master_data_and_settings.company_jinasena_pvt_ltd,0,1,,,,,2026-04-23 04:28:48,,0,,0.0,no-message,0,0,no-message,no-message,no-message,automatic,VAT Not Registered,SVAT Nor Registered,0.0,
res_partner_test_alice_johnson_7418,alice.johnson@test-jinasena.com,0,Test - Alice Johnson,Test - Alice Johnson,en_US,Asia/Colombo,,1,contact,,,,,0.0,0.0,alice.johnson@test-jinasena.com,,,seed_master_data_and_settings.company_jinasena_pvt_ltd,0,1,,,,,2026-04-23 04:04:51,,0,,0.0,no-message,0,0,no-message,no-message,no-message,automatic,VAT Not Registered,SVAT Nor Registered,0.0,
res_partner_test_alice_johnson_7415,alice.johnson@test-jinasena.com,0,Test - Alice Johnson,Test - Alice Johnson,en_US,Asia/Colombo,,1,contact,,,,,0.0,0.0,alice.johnson@test-jinasena.com,,,seed_master_data_and_settings.company_jinasena_pvt_ltd,0,1,,,,,2026-04-23 03:44:31,,0,,0.0,no-message,0,0,no-message,no-message,no-message,automatic,VAT Not Registered,SVAT Nor Registered,0.0,
res_partner_test_alice_johnson_7411,alice.johnson@test-jinasena.com,0,Test - Alice Johnson,Test - Alice Johnson,en_US,Asia/Colombo,,1,contact,,,,,0.0,0.0,alice.johnson@test-jinasena.com,,,seed_master_data_and_settings.company_jinasena_pvt_ltd,0,1,,,,,2026-04-23 03:14:28,,0,,0.0,no-message,0,0,no-message,no-message,no-message,automatic,VAT Not Registered,SVAT Nor Registered,0.0,
res_partner_test_alice_johnson_7408,alice.johnson@test-jinasena.com,0,Test - Alice Johnson,Test - Alice Johnson,en_US,Asia/Colombo,,1,contact,,,,,0.0,0.0,alice.johnson@test-jinasena.com,,,seed_master_data_and_settings.company_jinasena_pvt_ltd,0,1,,,,,2026-04-22 10:05:46,,0,,0.0,no-message,0,0,no-message,no-message,no-message,automatic,VAT Not Registered,SVAT Nor Registered,0.0,
res_partner_test_alice_johnson_7405,alice.johnson@test-jinasena.com,0,Test - Alice Johnson,Test - Alice Johnson,en_US,Asia/Colombo,,1,contact,,,,,0.0,0.0,alice.johnson@test-jinasena.com,,,seed_master_data_and_settings.company_jinasena_pvt_ltd,0,1,,,,,2026-04-22 09:58:15,,0,,0.0,no-message,0,0,no-message,no-message,no-message,automatic,VAT Not Registered,SVAT Nor Registered,0.0,
res_partner_test_alice_johnson_7398,alice.johnson@test-jinasena.com,0,Test - Alice Johnson,Test - Alice Johnson,en_US,Asia/Colombo,,1,contact,,,,,0.0,0.0,alice.johnson@test-jinasena.com,,,seed_master_data_and_settings.company_jinasena_pvt_ltd,0,1,,,,,2026-04-22 09:08:05,,0,,0.0,no-message,0,0,no-message,no-message,no-message,automatic,VAT Not Registered,SVAT Nor Registered,0.0,
res_partner_test_alice_johnson_7394,alice.johnson@test-jinasena.com,0,Test - Alice Johnson,Test - Alice Johnson,en_US,Asia/Colombo,,1,contact,,,,,0.0,0.0,alice.johnson@test-jinasena.com,,,seed_master_data_and_settings.company_jinasena_pvt_ltd,0,1,,,,,2026-04-22 08:38:03,,0,,0.0,no-message,0,0,no-message,no-message,no-message,automatic,VAT Not Registered,SVAT Nor Registered,0.0,
res_partner_test_alice_johnson_7391,alice.johnson@test-jinasena.com,0,Test - Alice Johnson,Test - Alice Johnson,en_US,Asia/Colombo,,1,contact,,,,,0.0,0.0,alice.johnson@test-jinasena.com,,,seed_master_data_and_settings.company_jinasena_pvt_ltd,0,1,,,,,2026-04-22 08:32:09,,0,,0.0,no-message,0,0,no-message,no-message,no-message,automatic,VAT Not Registered,SVAT Nor Registered,0.0,
res_partner_test_alice_johnson_7389,alice.johnson@test-jinasena.com,0,Test - Alice Johnson,Test - Alice Johnson,en_US,Asia/Colombo,,1,contact,,,,,0.0,0.0,alice.johnson@test-jinasena.com,,,seed_master_data_and_settings.company_jinasena_pvt_ltd,0,1,,,,,2026-04-22 07:58:47,,0,,0.0,no-message,0,0,no-message,no-message,no-message,automatic,VAT Not Registered,SVAT Nor Registered,0.0,
res_partner_test_alice_johnson_7387,alice.johnson@test-jinasena.com,0,Test - Alice Johnson,Test - Alice Johnson,en_US,Asia/Colombo,,1,contact,,,,,0.0,0.0,alice.johnson@test-jinasena.com,,,seed_master_data_and_settings.company_jinasena_pvt_ltd,0,1,,,,,2026-04-22 07:52:05,,0,,0.0,no-message,0,0,no-message,no-message,no-message,automatic,VAT Not Registered,SVAT Nor Registered,0.0,
res_partner_test_alice_johnson_7382,alice.johnson@test-jinasena.com,0,Test - Alice Johnson,Test - Alice Johnson,en_US,Asia/Colombo,,1,contact,,,,,0.0,0.0,alice.johnson@test-jinasena.com,,,seed_master_data_and_settings.company_jinasena_pvt_ltd,0,1,,,,,2026-04-22 07:37:36,,0,,0.0,no-message,0,0,no-message,no-message,no-message,automatic,VAT Not Registered,SVAT Nor Registered,0.0,
res_partner_test_alice_johnson_7378,alice.johnson@test-jinasena.com,0,Test - Alice Johnson,Test - Alice Johnson,en_US,Asia/Colombo,,1,contact,,,,,0.0,0.0,alice.johnson@test-jinasena.com,,,seed_master_data_and_settings.company_jinasena_pvt_ltd,0,1,,,,,2026-04-22 07:30:06,,0,,0.0,no-message,0,0,no-message,no-message,no-message,automatic,VAT Not Registered,SVAT Nor Registered,0.0,
res_partner_test_alice_johnson_7374,alice.johnson@test-jinasena.com,0,Test - Alice Johnson,Test - Alice Johnson,en_US,Asia/Colombo,,1,contact,,,,,0.0,0.0,alice.johnson@test-jinasena.com,,,seed_master_data_and_settings.company_jinasena_pvt_ltd,0,1,,,,,2026-04-22 02:19:24,,0,,0.0,no-message,0,0,no-message,no-message,no-message,automatic,VAT Not Registered,SVAT Nor Registered,0.0,
res_partner_test_bob_williams,bob.williams@test-jinasena.com,0,Test - Bob Williams,Test - Bob Williams,en_US,Asia/Colombo,,1,contact,,,,,0.0,0.0,bob.williams@test-jinasena.com,,,seed_master_data_and_settings.company_jinasena_pvt_ltd,0,1,,,,,2026-04-23 05:23:59,,0,,0.0,no-message,0,0,no-message,no-message,no-message,automatic,VAT Not Registered,SVAT Nor Registered,0.0,
res_partner_test_bob_williams_7435,bob.williams@test-jinasena.com,0,Test - Bob Williams,Test - Bob Williams,en_US,Asia/Colombo,,1,contact,,,,,0.0,0.0,bob.williams@test-jinasena.com,,,seed_master_data_and_settings.company_jinasena_pvt_ltd,0,1,,,,,2026-04-23 05:04:56,,0,,0.0,no-message,0,0,no-message,no-message,no-message,automatic,VAT Not Registered,SVAT Nor Registered,0.0,
res_partner_test_bob_williams_7431,bob.williams@test-jinasena.com,0,Test - Bob Williams,Test - Bob Williams,en_US,Asia/Colombo,,1,contact,,,,,0.0,0.0,bob.williams@test-jinasena.com,,,seed_master_data_and_settings.company_jinasena_pvt_ltd,0,1,,,,,2026-04-23 04:55:12,,0,,0.0,no-message,0,0,no-message,no-message,no-message,automatic,VAT Not Registered,SVAT Nor Registered,0.0,
res_partner_test_bob_williams_7427,bob.williams@test-jinasena.com,0,Test - Bob Williams,Test - Bob Williams,en_US,Asia/Colombo,,1,contact,,,,,0.0,0.0,bob.williams@test-jinasena.com,,,seed_master_data_and_settings.company_jinasena_pvt_ltd,0,1,,,,,2026-04-23 04:44:24,,0,,0.0,no-message,0,0,no-message,no-message,no-message,automatic,VAT Not Registered,SVAT Nor Registered,0.0,
res_partner_test_bob_williams_7423,bob.williams@test-jinasena.com,0,Test - Bob Williams,Test - Bob Williams,en_US,Asia/Colombo,,1,contact,,,,,0.0,0.0,bob.williams@test-jinasena.com,,,seed_master_data_and_settings.company_jinasena_pvt_ltd,0,1,,,,,2026-04-23 04:28:56,,0,,0.0,no-message,0,0,no-message,no-message,no-message,automatic,VAT Not Registered,SVAT Nor Registered,0.0,
res_partner_test_bob_williams_7419,bob.williams@test-jinasena.com,0,Test - Bob Williams,Test - Bob Williams,en_US,Asia/Colombo,,1,contact,,,,,0.0,0.0,bob.williams@test-jinasena.com,,,seed_master_data_and_settings.company_jinasena_pvt_ltd,0,1,,,,,2026-04-23 04:04:58,,0,,0.0,no-message,0,0,no-message,no-message,no-message,automatic,VAT Not Registered,SVAT Nor Registered,0.0,
res_partner_test_bob_williams_7412,bob.williams@test-jinasena.com,0,Test - Bob Williams,Test - Bob Williams,en_US,Asia/Colombo,,1,contact,,,,,0.0,0.0,bob.williams@test-jinasena.com,,,seed_master_data_and_settings.company_jinasena_pvt_ltd,0,1,,,,,2026-04-23 03:14:34,,0,,0.0,no-message,0,0,no-message,no-message,no-message,automatic,VAT Not Registered,SVAT Nor Registered,0.0,
res_partner_test_bob_williams_7402,bob.williams@test-jinasena.com,0,Test - Bob Williams,Test - Bob Williams,en_US,Asia/Colombo,,1,contact,,,,,0.0,0.0,bob.williams@test-jinasena.com,,,seed_master_data_and_settings.company_jinasena_pvt_ltd,0,1,,,,,2026-04-22 09:15:53,,0,,0.0,no-message,0,0,no-message,no-message,no-message,automatic,VAT Not Registered,SVAT Nor Registered,0.0,
res_partner_test_bob_williams_7399,bob.williams@test-jinasena.com,0,Test - Bob Williams,Test - Bob Williams,en_US,Asia/Colombo,,1,contact,,,,,0.0,0.0,bob.williams@test-jinasena.com,,,seed_master_data_and_settings.company_jinasena_pvt_ltd,0,1,,,,,2026-04-22 09:08:11,,0,,0.0,no-message,0,0,no-message,no-message,no-message,automatic,VAT Not Registered,SVAT Nor Registered,0.0,
res_partner_test_bob_williams_7395,bob.williams@test-jinasena.com,0,Test - Bob Williams,Test - Bob Williams,en_US,Asia/Colombo,,1,contact,,,,,0.0,0.0,bob.williams@test-jinasena.com,,,seed_master_data_and_settings.company_jinasena_pvt_ltd,0,1,,,,,2026-04-22 08:38:09,,0,,0.0,no-message,0,0,no-message,no-message,no-message,automatic,VAT Not Registered,SVAT Nor Registered,0.0,
res_partner_test_bob_williams_7392,bob.williams@test-jinasena.com,0,Test - Bob Williams,Test - Bob Williams,en_US,Asia/Colombo,,1,contact,,,,,0.0,0.0,bob.williams@test-jinasena.com,,,seed_master_data_and_settings.company_jinasena_pvt_ltd,0,1,,,,,2026-04-22 08:32:16,,0,,0.0,no-message,0,0,no-message,no-message,no-message,automatic,VAT Not Registered,SVAT Nor Registered,0.0,
res_partner_test_bob_williams_7385,bob.williams@test-jinasena.com,0,Test - Bob Williams,Test - Bob Williams,en_US,Asia/Colombo,,1,contact,,,,,0.0,0.0,bob.williams@test-jinasena.com,,,seed_master_data_and_settings.company_jinasena_pvt_ltd,0,1,,,,,2026-04-22 07:46:14,,0,,0.0,no-message,0,0,no-message,no-message,no-message,automatic,VAT Not Registered,SVAT Nor Registered,0.0,
res_partner_test_bob_williams_7383,bob.williams@test-jinasena.com,0,Test - Bob Williams,Test - Bob Williams,en_US,Asia/Colombo,,1,contact,,,,,0.0,0.0,bob.williams@test-jinasena.com,,,seed_master_data_and_settings.company_jinasena_pvt_ltd,0,1,,,,,2026-04-22 07:37:41,,0,,0.0,no-message,0,0,no-message,no-message,no-message,automatic,VAT Not Registered,SVAT Nor Registered,0.0,
res_partner_test_bob_williams_7379,bob.williams@test-jinasena.com,0,Test - Bob Williams,Test - Bob Williams,en_US,Asia/Colombo,,1,contact,,,,,0.0,0.0,bob.williams@test-jinasena.com,,,seed_master_data_and_settings.company_jinasena_pvt_ltd,0,1,,,,,2026-04-22 07:30:11,,0,,0.0,no-message,0,0,no-message,no-message,no-message,automatic,VAT Not Registered,SVAT Nor Registered,0.0,
res_partner_test_bob_williams_7375,bob.williams@test-jinasena.com,0,Test - Bob Williams,Test - Bob Williams,en_US,Asia/Colombo,,1,contact,,,,,0.0,0.0,bob.williams@test-jinasena.com,,,seed_master_data_and_settings.company_jinasena_pvt_ltd,0,1,,,,,2026-04-22 02:19:28,,0,,0.0,no-message,0,0,no-message,no-message,no-message,automatic,VAT Not Registered,SVAT Nor Registered,0.0,
res_partner_test_carol_davis,carol.davis@test-jinasena.com,0,Test - Carol Davis,Test - Carol Davis,en_US,Asia/Colombo,,1,contact,,,,,0.0,0.0,carol.davis@test-jinasena.com,,,seed_master_data_and_settings.company_jinasena_pvt_ltd,0,1,,,,,2026-04-23 05:24:09,,0,,0.0,no-message,0,0,no-message,no-message,no-message,automatic,VAT Not Registered,SVAT Nor Registered,0.0,
res_partner_test_carol_davis_7436,carol.davis@test-jinasena.com,0,Test - Carol Davis,Test - Carol Davis,en_US,Asia/Colombo,,1,contact,,,,,0.0,0.0,carol.davis@test-jinasena.com,,,seed_master_data_and_settings.company_jinasena_pvt_ltd,0,1,,,,,2026-04-23 05:05:02,,0,,0.0,no-message,0,0,no-message,no-message,no-message,automatic,VAT Not Registered,SVAT Nor Registered,0.0,
res_partner_test_carol_davis_7432,carol.davis@test-jinasena.com,0,Test - Carol Davis,Test - Carol Davis,en_US,Asia/Colombo,,1,contact,,,,,0.0,0.0,carol.davis@test-jinasena.com,,,seed_master_data_and_settings.company_jinasena_pvt_ltd,0,1,,,,,2026-04-23 04:55:22,,0,,0.0,no-message,0,0,no-message,no-message,no-message,automatic,VAT Not Registered,SVAT Nor Registered,0.0,
res_partner_test_carol_davis_7428,carol.davis@test-jinasena.com,0,Test - Carol Davis,Test - Carol Davis,en_US,Asia/Colombo,,1,contact,,,,,0.0,0.0,carol.davis@test-jinasena.com,,,seed_master_data_and_settings.company_jinasena_pvt_ltd,0,1,,,,,2026-04-23 04:44:30,,0,,0.0,no-message,0,0,no-message,no-message,no-message,automatic,VAT Not Registered,SVAT Nor Registered,0.0,
res_partner_test_carol_davis_7424,carol.davis@test-jinasena.com,0,Test - Carol Davis,Test - Carol Davis,en_US,Asia/Colombo,,1,contact,,,,,0.0,0.0,carol.davis@test-jinasena.com,,,seed_master_data_and_settings.company_jinasena_pvt_ltd,0,1,,,,,2026-04-23 04:29:01,,0,,0.0,no-message,0,0,no-message,no-message,no-message,automatic,VAT Not Registered,SVAT Nor Registered,0.0,
res_partner_test_carol_davis_7420,carol.davis@test-jinasena.com,0,Test - Carol Davis,Test - Carol Davis,en_US,Asia/Colombo,,1,contact,,,,,0.0,0.0,carol.davis@test-jinasena.com,,,seed_master_data_and_settings.company_jinasena_pvt_ltd,0,1,,,,,2026-04-23 04:05:08,,0,,0.0,no-message,0,0,no-message,no-message,no-message,automatic,VAT Not Registered,SVAT Nor Registered,0.0,
res_partner_test_carol_davis_7416,carol.davis@test-jinasena.com,0,Test - Carol Davis,Test - Carol Davis,en_US,Asia/Colombo,,1,contact,,,,,0.0,0.0,carol.davis@test-jinasena.com,,,seed_master_data_and_settings.company_jinasena_pvt_ltd,0,1,,,,,2026-04-23 03:44:39,,0,,0.0,no-message,0,0,no-message,no-message,no-message,automatic,VAT Not Registered,SVAT Nor Registered,0.0,
res_partner_test_carol_davis_7413,carol.davis@test-jinasena.com,0,Test - Carol Davis,Test - Carol Davis,en_US,Asia/Colombo,,1,contact,,,,,0.0,0.0,carol.davis@test-jinasena.com,,,seed_master_data_and_settings.company_jinasena_pvt_ltd,0,1,,,,,2026-04-23 03:14:40,,0,,0.0,no-message,0,0,no-message,no-message,no-message,automatic,VAT Not Registered,SVAT Nor Registered,0.0,
res_partner_test_carol_davis_7409,carol.davis@test-jinasena.com,0,Test - Carol Davis,Test - Carol Davis,en_US,Asia/Colombo,,1,contact,,,,,0.0,0.0,carol.davis@test-jinasena.com,,,seed_master_data_and_settings.company_jinasena_pvt_ltd,0,1,,,,,2026-04-22 10:05:59,,0,,0.0,no-message,0,0,no-message,no-message,no-message,automatic,VAT Not Registered,SVAT Nor Registered,0.0,
res_partner_test_carol_davis_7406,carol.davis@test-jinasena.com,0,Test - Carol Davis,Test - Carol Davis,en_US,Asia/Colombo,,1,contact,,,,,0.0,0.0,carol.davis@test-jinasena.com,,,seed_master_data_and_settings.company_jinasena_pvt_ltd,0,1,,,,,2026-04-22 09:58:28,,0,,0.0,no-message,0,0,no-message,no-message,no-message,automatic,VAT Not Registered,SVAT Nor Registered,0.0,
res_partner_test_carol_davis_7403,carol.davis@test-jinasena.com,0,Test - Carol Davis,Test - Carol Davis,en_US,Asia/Colombo,,1,contact,,,,,0.0,0.0,carol.davis@test-jinasena.com,,,seed_master_data_and_settings.company_jinasena_pvt_ltd,0,1,,,,,2026-04-22 09:16:00,,0,,0.0,no-message,0,0,no-message,no-message,no-message,automatic,VAT Not Registered,SVAT Nor Registered,0.0,
res_partner_test_carol_davis_7400,carol.davis@test-jinasena.com,0,Test - Carol Davis,Test - Carol Davis,en_US,Asia/Colombo,,1,contact,,,,,0.0,0.0,carol.davis@test-jinasena.com,,,seed_master_data_and_settings.company_jinasena_pvt_ltd,0,1,,,,,2026-04-22 09:08:16,,0,,0.0,no-message,0,0,no-message,no-message,no-message,automatic,VAT Not Registered,SVAT Nor Registered,0.0,
res_partner_test_carol_davis_7396,carol.davis@test-jinasena.com,0,Test - Carol Davis,Test - Carol Davis,en_US,Asia/Colombo,,1,contact,,,,,0.0,0.0,carol.davis@test-jinasena.com,,,seed_master_data_and_settings.company_jinasena_pvt_ltd,0,1,,,,,2026-04-22 08:38:16,,0,,0.0,no-message,0,0,no-message,no-message,no-message,automatic,VAT Not Registered,SVAT Nor Registered,0.0,
res_partner_test_carol_davis_7393,carol.davis@test-jinasena.com,0,Test - Carol Davis,Test - Carol Davis,en_US,Asia/Colombo,,1,contact,,,,,0.0,0.0,carol.davis@test-jinasena.com,,,seed_master_data_and_settings.company_jinasena_pvt_ltd,0,1,,,,,2026-04-22 08:32:22,,0,,0.0,no-message,0,0,no-message,no-message,no-message,automatic,VAT Not Registered,SVAT Nor Registered,0.0,
res_partner_test_carol_davis_7390,carol.davis@test-jinasena.com,0,Test - Carol Davis,Test - Carol Davis,en_US,Asia/Colombo,,1,contact,,,,,0.0,0.0,carol.davis@test-jinasena.com,,,seed_master_data_and_settings.company_jinasena_pvt_ltd,0,1,,,,,2026-04-22 07:58:56,,0,,0.0,no-message,0,0,no-message,no-message,no-message,automatic,VAT Not Registered,SVAT Nor Registered,0.0,
res_partner_test_carol_davis_7388,carol.davis@test-jinasena.com,0,Test - Carol Davis,Test - Carol Davis,en_US,Asia/Colombo,,1,contact,,,,,0.0,0.0,carol.davis@test-jinasena.com,,,seed_master_data_and_settings.company_jinasena_pvt_ltd,0,1,,,,,2026-04-22 07:52:13,,0,,0.0,no-message,0,0,no-message,no-message,no-message,automatic,VAT Not Registered,SVAT Nor Registered,0.0,
res_partner_test_carol_davis_7380,carol.davis@test-jinasena.com,0,Test - Carol Davis,Test - Carol Davis,en_US,Asia/Colombo,,1,contact,,,,,0.0,0.0,carol.davis@test-jinasena.com,,,seed_master_data_and_settings.company_jinasena_pvt_ltd,0,1,,,,,2026-04-22 07:30:16,,0,,0.0,no-message,0,0,no-message,no-message,no-message,automatic,VAT Not Registered,SVAT Nor Registered,0.0,
res_partner_test_carol_davis_7376,,0,Test - Carol Davis,Test - Carol Davis,en_US,Asia/Colombo,,1,contact,,,,,0.0,0.0,,,,seed_master_data_and_settings.company_jinasena_pvt_ltd,0,1,,,,,2026-04-22 06:40:50,,0,,0.0,no-message,0,0,no-message,no-message,no-message,automatic,VAT Not Registered,SVAT Nor Registered,0.0,
res_partner_test_david_chen,david.chen@test-jinasena.com,0,Test - David Chen,Test - David Chen,en_US,Asia/Colombo,,1,contact,,,,,0.0,0.0,david.chen@test-jinasena.com,,,seed_master_data_and_settings.company_jinasena_pvt_ltd,0,1,,,,,2026-04-23 05:24:15,,0,,0.0,no-message,0,0,no-message,no-message,no-message,automatic,VAT Not Registered,SVAT Nor Registered,0.0,
res_partner_test_david_chen_7437,david.chen@test-jinasena.com,0,Test - David Chen,Test - David Chen,en_US,Asia/Colombo,,1,contact,,,,,0.0,0.0,david.chen@test-jinasena.com,,,seed_master_data_and_settings.company_jinasena_pvt_ltd,0,1,,,,,2026-04-23 05:05:09,,0,,0.0,no-message,0,0,no-message,no-message,no-message,automatic,VAT Not Registered,SVAT Nor Registered,0.0,
res_partner_test_david_chen_7433,david.chen@test-jinasena.com,0,Test - David Chen,Test - David Chen,en_US,Asia/Colombo,,1,contact,,,,,0.0,0.0,david.chen@test-jinasena.com,,,seed_master_data_and_settings.company_jinasena_pvt_ltd,0,1,,,,,2026-04-23 04:55:28,,0,,0.0,no-message,0,0,no-message,no-message,no-message,automatic,VAT Not Registered,SVAT Nor Registered,0.0,
res_partner_test_david_chen_7429,david.chen@test-jinasena.com,0,Test - David Chen,Test - David Chen,en_US,Asia/Colombo,,1,contact,,,,,0.0,0.0,david.chen@test-jinasena.com,,,seed_master_data_and_settings.company_jinasena_pvt_ltd,0,1,,,,,2026-04-23 04:44:36,,0,,0.0,no-message,0,0,no-message,no-message,no-message,automatic,VAT Not Registered,SVAT Nor Registered,0.0,
res_partner_test_david_chen_7425,david.chen@test-jinasena.com,0,Test - David Chen,Test - David Chen,en_US,Asia/Colombo,,1,contact,,,,,0.0,0.0,david.chen@test-jinasena.com,,,seed_master_data_and_settings.company_jinasena_pvt_ltd,0,1,,,,,2026-04-23 04:29:07,,0,,0.0,no-message,0,0,no-message,no-message,no-message,automatic,VAT Not Registered,SVAT Nor Registered,0.0,
res_partner_test_david_chen_7421,david.chen@test-jinasena.com,0,Test - David Chen,Test - David Chen,en_US,Asia/Colombo,,1,contact,,,,,0.0,0.0,david.chen@test-jinasena.com,,,seed_master_data_and_settings.company_jinasena_pvt_ltd,0,1,,,,,2026-04-23 04:05:14,,0,,0.0,no-message,0,0,no-message,no-message,no-message,automatic,VAT Not Registered,SVAT Nor Registered,0.0,
res_partner_test_david_chen_7417,david.chen@test-jinasena.com,0,Test - David Chen,Test - David Chen,en_US,Asia/Colombo,,1,contact,,,,,0.0,0.0,david.chen@test-jinasena.com,,,seed_master_data_and_settings.company_jinasena_pvt_ltd,0,1,,,,,2026-04-23 03:44:44,,0,,0.0,no-message,0,0,no-message,no-message,no-message,automatic,VAT Not Registered,SVAT Nor Registered,0.0,
res_partner_test_david_chen_7414,david.chen@test-jinasena.com,0,Test - David Chen,Test - David Chen,en_US,Asia/Colombo,,1,contact,,,,,0.0,0.0,david.chen@test-jinasena.com,,,seed_master_data_and_settings.company_jinasena_pvt_ltd,0,1,,,,,2026-04-23 03:14:46,,0,,0.0,no-message,0,0,no-message,no-message,no-message,automatic,VAT Not Registered,SVAT Nor Registered,0.0,
res_partner_test_david_chen_7410,david.chen@test-jinasena.com,0,Test - David Chen,Test - David Chen,en_US,Asia/Colombo,,1,contact,,,,,0.0,0.0,david.chen@test-jinasena.com,,,seed_master_data_and_settings.company_jinasena_pvt_ltd,0,1,,,,,2026-04-22 10:06:05,,0,,0.0,no-message,0,0,no-message,no-message,no-message,automatic,VAT Not Registered,SVAT Nor Registered,0.0,
res_partner_test_david_chen_7407,david.chen@test-jinasena.com,0,Test - David Chen,Test - David Chen,en_US,Asia/Colombo,,1,contact,,,,,0.0,0.0,david.chen@test-jinasena.com,,,seed_master_data_and_settings.company_jinasena_pvt_ltd,0,1,,,,,2026-04-22 09:58:33,,0,,0.0,no-message,0,0,no-message,no-message,no-message,automatic,VAT Not Registered,SVAT Nor Registered,0.0,
res_partner_test_david_chen_7404,david.chen@test-jinasena.com,0,Test - David Chen,Test - David Chen,en_US,Asia/Colombo,,1,contact,,,,,0.0,0.0,david.chen@test-jinasena.com,,,seed_master_data_and_settings.company_jinasena_pvt_ltd,0,1,,,,,2026-04-22 09:16:05,,0,,0.0,no-message,0,0,no-message,no-message,no-message,automatic,VAT Not Registered,SVAT Nor Registered,0.0,
res_partner_test_david_chen_7401,david.chen@test-jinasena.com,0,Test - David Chen,Test - David Chen,en_US,Asia/Colombo,,1,contact,,,,,0.0,0.0,david.chen@test-jinasena.com,,,seed_master_data_and_settings.company_jinasena_pvt_ltd,0,1,,,,,2026-04-22 09:08:24,,0,,0.0,no-message,0,0,no-message,no-message,no-message,automatic,VAT Not Registered,SVAT Nor Registered,0.0,
res_partner_test_david_chen_7397,david.chen@test-jinasena.com,0,Test - David Chen,Test - David Chen,en_US,Asia/Colombo,,1,contact,,,,,0.0,0.0,david.chen@test-jinasena.com,,,seed_master_data_and_settings.company_jinasena_pvt_ltd,0,1,,,,,2026-04-22 08:38:21,,0,,0.0,no-message,0,0,no-message,no-message,no-message,automatic,VAT Not Registered,SVAT Nor Registered,0.0,
res_partner_test_david_chen_7386,david.chen@test-jinasena.com,0,Test - David Chen,Test - David Chen,en_US,Asia/Colombo,,1,contact,,,,,0.0,0.0,david.chen@test-jinasena.com,,,seed_master_data_and_settings.company_jinasena_pvt_ltd,0,1,,,,,2026-04-22 07:46:24,,0,,0.0,no-message,0,0,no-message,no-message,no-message,automatic,VAT Not Registered,SVAT Nor Registered,0.0,
res_partner_test_david_chen_7384,david.chen@test-jinasena.com,0,Test - David Chen,Test - David Chen,en_US,Asia/Colombo,,1,contact,,,,,0.0,0.0,david.chen@test-jinasena.com,,,seed_master_data_and_settings.company_jinasena_pvt_ltd,0,1,,,,,2026-04-22 07:37:53,,0,,0.0,no-message,0,0,no-message,no-message,no-message,automatic,VAT Not Registered,SVAT Nor Registered,0.0,
res_partner_test_david_chen_7381,david.chen@test-jinasena.com,0,Test - David Chen,Test - David Chen,en_US,Asia/Colombo,,1,contact,,,,,0.0,0.0,david.chen@test-jinasena.com,,,seed_master_data_and_settings.company_jinasena_pvt_ltd,0,1,,,,,2026-04-22 07:30:22,,0,,0.0,no-message,0,0,no-message,no-message,no-message,automatic,VAT Not Registered,SVAT Nor Registered,0.0,
res_partner_test_david_chen_7377,david.chen@test-jinasena.com,0,Test - David Chen,Test - David Chen,en_US,Asia/Colombo,,1,contact,,,,,0.0,0.0,david.chen@test-jinasena.com,,,seed_master_data_and_settings.company_jinasena_pvt_ltd,0,1,,,,,2026-04-22 06:53:34,,0,,0.0,no-message,0,0,no-message,no-message,no-message,automatic,VAT Not Registered,SVAT Nor Registered,0.0,
res_partner_test_employee_1_e2e_1774858427492_270,,0,Test Employee 1 [E2E-1774858427492-270],Test Employee 1 [E2E-1774858427492-270],en_US,,,1,contact,,,,,0.0,0.0,,,,seed_master_data_and_settings.company_jinasena_pvt_ltd,0,1,,,,,2026-03-30 08:14:12,,0,,0.0,no-message,0,0,no-message,no-message,no-message,automatic,VAT Not Registered,SVAT Nor Registered,0.0,
res_partner_test_employee_1_e2e_1774859271812_944,,0,Test Employee 1 [E2E-1774859271812-944],Test Employee 1 [E2E-1774859271812-944],en_US,,,1,contact,,,,,0.0,0.0,,,,seed_master_data_and_settings.company_jinasena_pvt_ltd,0,1,,,,,2026-03-30 08:28:15,,0,,0.0,no-message,0,0,no-message,no-message,no-message,automatic,VAT Not Registered,SVAT Nor Registered,0.0,
res_partner_test_employee_1_e2e_1774859565403_521,,0,Test Employee 1 [E2E-1774859565403-521],Test Employee 1 [E2E-1774859565403-521],en_US,,,1,contact,,,,,0.0,0.0,,,,seed_master_data_and_settings.company_jinasena_pvt_ltd,0,1,,,,,2026-03-30 08:33:31,,0,,0.0,no-message,0,0,no-message,no-message,no-message,automatic,VAT Not Registered,SVAT Nor Registered,0.0,
res_partner_test_employee_1_e2e_1774859658436_170,,0,Test Employee 1 [E2E-1774859658436-170],Test Employee 1 [E2E-1774859658436-170],en_US,,,1,contact,,,,,0.0,0.0,,,,seed_master_data_and_settings.company_jinasena_pvt_ltd,0,1,,,,,2026-03-30 08:34:56,,0,,0.0,no-message,0,0,no-message,no-message,no-message,automatic,VAT Not Registered,SVAT Nor Registered,0.0,
res_partner_test_employee_1_e2e_1774859959842_152,,0,Test Employee 1 [E2E-1774859959842-152],Test Employee 1 [E2E-1774859959842-152],en_US,,,1,contact,,,,,0.0,0.0,,,,seed_master_data_and_settings.company_jinasena_pvt_ltd,0,1,,,,,2026-03-30 08:39:59,,0,,0.0,no-message,0,0,no-message,no-message,no-message,automatic,VAT Not Registered,SVAT Nor Registered,0.0,
res_partner_test_employee_1_e2e_1774860228580_378,,0,Test Employee 1 [E2E-1774860228580-378],Test Employee 1 [E2E-1774860228580-378],en_US,,,1,contact,,,,,0.0,0.0,,,,seed_master_data_and_settings.company_jinasena_pvt_ltd,0,1,,,,,2026-03-30 08:44:28,,0,,0.0,no-message,0,0,no-message,no-message,no-message,automatic,VAT Not Registered,SVAT Nor Registered,0.0,
res_partner_test_employee_2_e2e_1774858427492_270,,0,Test Employee 2 [E2E-1774858427492-270],Test Employee 2 [E2E-1774858427492-270],en_US,,,1,contact,,,,,0.0,0.0,,,,seed_master_data_and_settings.company_jinasena_pvt_ltd,0,1,,,,,2026-03-30 08:14:13,,0,,0.0,no-message,0,0,no-message,no-message,no-message,automatic,VAT Not Registered,SVAT Nor Registered,0.0,
res_partner_test_employee_2_e2e_1774859271812_944,,0,Test Employee 2 [E2E-1774859271812-944],Test Employee 2 [E2E-1774859271812-944],en_US,,,1,contact,,,,,0.0,0.0,,,,seed_master_data_and_settings.company_jinasena_pvt_ltd,0,1,,,,,2026-03-30 08:28:16,,0,,0.0,no-message,0,0,no-message,no-message,no-message,automatic,VAT Not Registered,SVAT Nor Registered,0.0,
res_partner_test_employee_2_e2e_1774859565403_521,,0,Test Employee 2 [E2E-1774859565403-521],Test Employee 2 [E2E-1774859565403-521],en_US,,,1,contact,,,,,0.0,0.0,,,,seed_master_data_and_settings.company_jinasena_pvt_ltd,0,1,,,,,2026-03-30 08:33:31,,0,,0.0,no-message,0,0,no-message,no-message,no-message,automatic,VAT Not Registered,SVAT Nor Registered,0.0,
res_partner_test_employee_2_e2e_1774859658436_170,,0,Test Employee 2 [E2E-1774859658436-170],Test Employee 2 [E2E-1774859658436-170],en_US,,,1,contact,,,,,0.0,0.0,,,,seed_master_data_and_settings.company_jinasena_pvt_ltd,0,1,,,,,2026-03-30 08:34:57,,0,,0.0,no-message,0,0,no-message,no-message,no-message,automatic,VAT Not Registered,SVAT Nor Registered,0.0,
res_partner_test_employee_2_e2e_1774859959842_152,,0,Test Employee 2 [E2E-1774859959842-152],Test Employee 2 [E2E-1774859959842-152],en_US,,,1,contact,,,,,0.0,0.0,,,,seed_master_data_and_settings.company_jinasena_pvt_ltd,0,1,,,,,2026-03-30 08:40:00,,0,,0.0,no-message,0,0,no-message,no-message,no-message,automatic,VAT Not Registered,SVAT Nor Registered,0.0,
res_partner_test_employee_2_e2e_1774860228580_378,,0,Test Employee 2 [E2E-1774860228580-378],Test Employee 2 [E2E-1774860228580-378],en_US,,,1,contact,,,,,0.0,0.0,,,,seed_master_data_and_settings.company_jinasena_pvt_ltd,0,1,,,,,2026-03-30 08:44:28,,0,,0.0,no-message,0,0,no-message,no-message,no-message,automatic,VAT Not Registered,SVAT Nor Registered,0.0,
res_partner_vendor_a,,0,Vendor A,Vendor A,en_US,Asia/Colombo,,1,contact,,,,,0.0,0.0,,,,seed_master_data_and_settings.company_jinasena_pvt_ltd,0,1,,,,,2025-10-21 11:10:47,,0,,0.0,no-message,1,0,no-message,no-message,no-message,automatic,VAT Not Registered,SVAT Nor Registered,0.0,
res_partner_c1774340880218_e2e_employee,1774340882103@e2e.test,0,[C1774340880218] E2E Employee,[C1774340880218] E2E Employee,en_US,Asia/Colombo,,1,contact,,,,,0.0,0.0,1774340882103@e2e.test,,,seed_master_data_and_settings.company_jinasena_pvt_ltd,0,1,,,,,2026-03-24 08:28:14,,0,,0.0,no-message,0,0,no-message,no-message,no-message,automatic,VAT Not Registered,SVAT Nor Registered,0.0,
res_partner_c1774340901344_pay_employee,,0,[C1774340901344] PAY Employee,[C1774340901344] PAY Employee,en_US,Asia/Colombo,,1,contact,,,,,0.0,0.0,,,,seed_master_data_and_settings.company_jinasena_pvt_ltd,0,1,,,,,2026-03-24 08:28:35,,0,,0.0,no-message,0,0,no-message,no-message,no-message,automatic,VAT Not Registered,SVAT Nor Registered,0.0,
res_partner_c1774340901344_pay_employee_7337,,0,[C1774340901344] PAY Employee,[C1774340901344] PAY Employee,en_US,Asia/Colombo,,1,contact,,,,,0.0,0.0,,,,seed_master_data_and_settings.company_jinasena_pvt_ltd,0,1,,,,,2026-03-24 08:28:35,,0,,0.0,no-message,0,0,no-message,no-message,no-message,automatic,VAT Not Registered,SVAT Nor Registered,0.0,
res_partner_c1774341292632_e2e_employee,1774341294192@e2e.test,0,[C1774341292632] E2E Employee,[C1774341292632] E2E Employee,en_US,Asia/Colombo,,1,contact,,,,,0.0,0.0,1774341294192@e2e.test,,,seed_master_data_and_settings.company_jinasena_pvt_ltd,0,1,,,,,2026-03-24 08:35:06,,0,,0.0,no-message,0,0,no-message,no-message,no-message,automatic,VAT Not Registered,SVAT Nor Registered,0.0,
res_partner_c1774341313437_pay_employee,,0,[C1774341313437] PAY Employee,[C1774341313437] PAY Employee,en_US,Asia/Colombo,,1,contact,,,,,0.0,0.0,,,,seed_master_data_and_settings.company_jinasena_pvt_ltd,0,1,,,,,2026-03-24 08:35:27,,0,,0.0,no-message,0,0,no-message,no-message,no-message,automatic,VAT Not Registered,SVAT Nor Registered,0.0,
res_partner_c1774341313437_pay_employee_7340,,0,[C1774341313437] PAY Employee,[C1774341313437] PAY Employee,en_US,Asia/Colombo,,1,contact,,,,,0.0,0.0,,,,seed_master_data_and_settings.company_jinasena_pvt_ltd,0,1,,,,,2026-03-24 08:35:27,,0,,0.0,no-message,0,0,no-message,no-message,no-message,automatic,VAT Not Registered,SVAT Nor Registered,0.0,
res_partner_c1774341663867_e2e_employee,1774341665421@e2e.test,0,[C1774341663867] E2E Employee,[C1774341663867] E2E Employee,en_US,Asia/Colombo,,1,contact,,,,,0.0,0.0,1774341665421@e2e.test,,,seed_master_data_and_settings.company_jinasena_pvt_ltd,0,1,,,,,2026-03-24 08:41:17,,0,,0.0,no-message,0,0,no-message,no-message,no-message,automatic,VAT Not Registered,SVAT Nor Registered,0.0,
res_partner_c1774341684783_pay_employee,,0,[C1774341684783] PAY Employee,[C1774341684783] PAY Employee,en_US,Asia/Colombo,,1,contact,,,,,0.0,0.0,,,,seed_master_data_and_settings.company_jinasena_pvt_ltd,0,1,,,,,2026-03-24 08:41:38,,0,,0.0,no-message,0,0,no-message,no-message,no-message,automatic,VAT Not Registered,SVAT Nor Registered,0.0,
res_partner_c1774341684783_pay_employee_7343,,0,[C1774341684783] PAY Employee,[C1774341684783] PAY Employee,en_US,Asia/Colombo,,1,contact,,,,,0.0,0.0,,,,seed_master_data_and_settings.company_jinasena_pvt_ltd,0,1,,,,,2026-03-24 08:41:38,,0,,0.0,no-message,0,0,no-message,no-message,no-message,automatic,VAT Not Registered,SVAT Nor Registered,0.0,
res_partner_c1774341890612_e2e_employee,1774341892209@e2e.test,0,[C1774341890612] E2E Employee,[C1774341890612] E2E Employee,en_US,Asia/Colombo,,1,contact,,,,,0.0,0.0,1774341892209@e2e.test,,,seed_master_data_and_settings.company_jinasena_pvt_ltd,0,1,,,,,2026-03-24 08:45:04,,0,,0.0,no-message,0,0,no-message,no-message,no-message,automatic,VAT Not Registered,SVAT Nor Registered,0.0,
res_partner_c1774341909446_pay_employee,,0,[C1774341909446] PAY Employee,[C1774341909446] PAY Employee,en_US,Asia/Colombo,,1,contact,,,,,0.0,0.0,,,,seed_master_data_and_settings.company_jinasena_pvt_ltd,0,1,,,,,2026-03-24 08:45:23,,0,,0.0,no-message,0,0,no-message,no-message,no-message,automatic,VAT Not Registered,SVAT Nor Registered,0.0,
res_partner_c1774341909446_pay_employee_7346,,0,[C1774341909446] PAY Employee,[C1774341909446] PAY Employee,en_US,Asia/Colombo,,1,contact,,,,,0.0,0.0,,,,seed_master_data_and_settings.company_jinasena_pvt_ltd,0,1,,,,,2026-03-24 08:45:23,,0,,0.0,no-message,0,0,no-message,no-message,no-message,automatic,VAT Not Registered,SVAT Nor Registered,0.0,
res_partner_c1774342264204_e2e_employee,1774342266154@e2e.test,0,[C1774342264204] E2E Employee,[C1774342264204] E2E Employee,en_US,Asia/Colombo,,1,contact,,,,,0.0,0.0,1774342266154@e2e.test,,,seed_master_data_and_settings.company_jinasena_pvt_ltd,0,1,,,,,2026-03-24 08:51:18,,0,,0.0,no-message,0,0,no-message,no-message,no-message,automatic,VAT Not Registered,SVAT Nor Registered,0.0,
res_partner_c1774342284379_pay_employee,,0,[C1774342284379] PAY Employee,[C1774342284379] PAY Employee,en_US,Asia/Colombo,,1,contact,,,,,0.0,0.0,,,,seed_master_data_and_settings.company_jinasena_pvt_ltd,0,1,,,,,2026-03-24 08:51:38,,0,,0.0,no-message,0,0,no-message,no-message,no-message,automatic,VAT Not Registered,SVAT Nor Registered,0.0,
res_partner_c1774342284379_pay_employee_7349,,0,[C1774342284379] PAY Employee,[C1774342284379] PAY Employee,en_US,Asia/Colombo,,1,contact,,,,,0.0,0.0,,,,seed_master_data_and_settings.company_jinasena_pvt_ltd,0,1,,,,,2026-03-24 08:51:38,,0,,0.0,no-message,0,0,no-message,no-message,no-message,automatic,VAT Not Registered,SVAT Nor Registered,0.0,
res_partner_c1774408452624_e2e_employee,1774408454178@e2e.test,0,[C1774408452624] E2E Employee,[C1774408452624] E2E Employee,en_US,Asia/Colombo,,1,contact,,,,,0.0,0.0,1774408454178@e2e.test,,,seed_master_data_and_settings.company_jinasena_pvt_ltd,0,1,,,,,2026-03-25 03:14:28,,0,,0.0,no-message,0,0,no-message,no-message,no-message,automatic,VAT Not Registered,SVAT Nor Registered,0.0,
res_partner_c1774408475024_pay_employee,,0,[C1774408475024] PAY Employee,[C1774408475024] PAY Employee,en_US,Asia/Colombo,,1,contact,,,,,0.0,0.0,,,,seed_master_data_and_settings.company_jinasena_pvt_ltd,0,1,,,,,2026-03-25 03:14:50,,0,,0.0,no-message,0,0,no-message,no-message,no-message,automatic,VAT Not Registered,SVAT Nor Registered,0.0,
res_partner_c1774408475024_pay_employee_7352,,0,[C1774408475024] PAY Employee,[C1774408475024] PAY Employee,en_US,Asia/Colombo,,1,contact,,,,,0.0,0.0,,,,seed_master_data_and_settings.company_jinasena_pvt_ltd,0,1,,,,,2026-03-25 03:14:50,,0,,0.0,no-message,0,0,no-message,no-message,no-message,automatic,VAT Not Registered,SVAT Nor Registered,0.0,
res_partner_c1774597569885_e2e_employee,1774597571502@e2e.test,0,[C1774597569885] E2E Employee,[C1774597569885] E2E Employee,en_US,Asia/Colombo,,1,contact,,,,,0.0,0.0,1774597571502@e2e.test,,,seed_master_data_and_settings.company_jinasena_pvt_ltd,0,1,,,,,2026-03-27 07:46:31,,0,,0.0,no-message,0,0,no-message,no-message,no-message,automatic,VAT Not Registered,SVAT Nor Registered,0.0,
res_partner_c1774597590972_pay_employee,,0,[C1774597590972] PAY Employee,[C1774597590972] PAY Employee,en_US,Asia/Colombo,,1,contact,,,,,0.0,0.0,,,,seed_master_data_and_settings.company_jinasena_pvt_ltd,0,1,,,,,2026-03-27 07:46:53,,0,,0.0,no-message,0,0,no-message,no-message,no-message,automatic,VAT Not Registered,SVAT Nor Registered,0.0,
res_partner_c1774597590972_pay_employee_7355,,0,[C1774597590972] PAY Employee,[C1774597590972] PAY Employee,en_US,Asia/Colombo,,1,contact,,,,,0.0,0.0,,,,seed_master_data_and_settings.company_jinasena_pvt_ltd,0,1,,,,,2026-03-27 07:46:53,,0,,0.0,no-message,0,0,no-message,no-message,no-message,automatic,VAT Not Registered,SVAT Nor Registered,0.0,
res_partner_crawl_1774340169936_e2e_employee,1774340172414@e2e.example.com,0,[CRAWL-1774340169936] E2E Employee,[CRAWL-1774340169936] E2E Employee,en_US,Asia/Colombo,,1,contact,,,,,0.0,0.0,1774340172414@e2e.example.com,,,seed_master_data_and_settings.company_jinasena_pvt_ltd,0,1,,,,,2026-03-24 08:16:24,,0,,0.0,no-message,0,0,no-message,no-message,no-message,automatic,VAT Not Registered,SVAT Nor Registered,0.0,
res_partner_crawl_1774340219661_e2e_employee,1774340221309@e2e.example.com,0,[CRAWL-1774340219661] E2E Employee,[CRAWL-1774340219661] E2E Employee,en_US,Asia/Colombo,,1,contact,,,,,0.0,0.0,1774340221309@e2e.example.com,,,seed_master_data_and_settings.company_jinasena_pvt_ltd,0,1,,,,,2026-03-24 08:17:13,,0,,0.0,no-message,0,0,no-message,no-message,no-message,automatic,VAT Not Registered,SVAT Nor Registered,0.0,
res_partner_crawl_1774340246306_pay_e2e_employee,,0,[CRAWL-1774340246306] PAY-E2E Employee,[CRAWL-1774340246306] PAY-E2E Employee,en_US,Asia/Colombo,,1,contact,,,,,0.0,0.0,,,,seed_master_data_and_settings.company_jinasena_pvt_ltd,0,1,,,,,2026-03-24 08:17:40,,0,,0.0,no-message,0,0,no-message,no-message,no-message,automatic,VAT Not Registered,SVAT Nor Registered,0.0,
res_partner_crawl_1774340246306_pay_e2e_employee_7332,,0,[CRAWL-1774340246306] PAY-E2E Employee,[CRAWL-1774340246306] PAY-E2E Employee,en_US,Asia/Colombo,,1,contact,,,,,0.0,0.0,,,,seed_master_data_and_settings.company_jinasena_pvt_ltd,0,1,,,,,2026-03-24 08:17:39,,0,,0.0,no-message,0,0,no-message,no-message,no-message,automatic,VAT Not Registered,SVAT Nor Registered,0.0,
res_partner_crawl_1774340298987_pay_e2e_employee,,0,[CRAWL-1774340298987] PAY-E2E Employee,[CRAWL-1774340298987] PAY-E2E Employee,en_US,Asia/Colombo,,1,contact,,,,,0.0,0.0,,,,seed_master_data_and_settings.company_jinasena_pvt_ltd,0,1,,,,,2026-03-24 08:18:32,,0,,0.0,no-message,0,0,no-message,no-message,no-message,automatic,VAT Not Registered,SVAT Nor Registered,0.0,
res_partner_crawl_1774340298987_pay_e2e_employee_7334,,0,[CRAWL-1774340298987] PAY-E2E Employee,[CRAWL-1774340298987] PAY-E2E Employee,en_US,Asia/Colombo,,1,contact,,,,,0.0,0.0,,,,seed_master_data_and_settings.company_jinasena_pvt_ltd,0,1,,,,,2026-03-24 08:18:32,,0,,0.0,no-message,0,0,no-message,no-message,no-message,automatic,VAT Not Registered,SVAT Nor Registered,0.0,
res_partner_test_1773721870278_emp_test_employee,test.1773721870278@test.example.com,0,[TEST-1773721870278]-EMP Test Employee,[TEST-1773721870278]-EMP Test Employee,en_US,Asia/Colombo,,1,contact,,,,,0.0,0.0,test.1773721870278@test.example.com,,,seed_master_data_and_settings.company_jinasena_pvt_ltd,0,1,,,,,2026-03-17 04:31:19,,0,,0.0,no-message,0,0,no-message,no-message,no-message,automatic,VAT Not Registered,SVAT Nor Registered,0.0,
res_partner_test_1773721883537_emp_test_employee,test.1773721883537@test.example.com,0,[TEST-1773721883537]-EMP Test Employee,[TEST-1773721883537]-EMP Test Employee,en_US,Asia/Colombo,,1,contact,,,,,0.0,0.0,test.1773721883537@test.example.com,,,seed_master_data_and_settings.company_jinasena_pvt_ltd,0,1,,,,,2026-03-17 04:31:32,,0,,0.0,no-message,0,0,no-message,no-message,no-message,automatic,VAT Not Registered,SVAT Nor Registered,0.0,
res_partner_test_1773721885972_emp_test_employee,test.1773721885972@test.example.com,0,[TEST-1773721885972]-EMP Test Employee,[TEST-1773721885972]-EMP Test Employee,en_US,Asia/Colombo,,1,contact,,,,,0.0,0.0,test.1773721885972@test.example.com,,,seed_master_data_and_settings.company_jinasena_pvt_ltd,0,1,,,,,2026-03-17 04:31:36,,0,,0.0,no-message,0,0,no-message,no-message,no-message,automatic,VAT Not Registered,SVAT Nor Registered,0.0,
res_partner_test_1773721890031_emp_test_employee,test.1773721890031@test.example.com,0,[TEST-1773721890031]-EMP Test Employee,[TEST-1773721890031]-EMP Test Employee,en_US,Asia/Colombo,,1,contact,,,,,0.0,0.0,test.1773721890031@test.example.com,,,seed_master_data_and_settings.company_jinasena_pvt_ltd,0,1,,,,,2026-03-17 04:31:40,,0,,0.0,no-message,0,0,no-message,no-message,no-message,automatic,VAT Not Registered,SVAT Nor Registered,0.0,
res_partner_test_1773721925201_emp_test_employee,test.1773721925201@test.example.com,0,[TEST-1773721925201]-EMP Test Employee,[TEST-1773721925201]-EMP Test Employee,en_US,Asia/Colombo,,1,contact,,,,,0.0,0.0,test.1773721925201@test.example.com,,,seed_master_data_and_settings.company_jinasena_pvt_ltd,0,1,,,,,2026-03-17 04:32:15,,0,,0.0,no-message,0,0,no-message,no-message,no-message,automatic,VAT Not Registered,SVAT Nor Registered,0.0,
res_partner_test_1773721960716_emp_test_employee,test.1773721960716@test.example.com,0,[TEST-1773721960716]-EMP Test Employee,[TEST-1773721960716]-EMP Test Employee,en_US,Asia/Colombo,,1,contact,,,,,0.0,0.0,test.1773721960716@test.example.com,,,seed_master_data_and_settings.company_jinasena_pvt_ltd,0,1,,,,,2026-03-17 04:32:51,,0,,0.0,no-message,0,0,no-message,no-message,no-message,automatic,VAT Not Registered,SVAT Nor Registered,0.0,
res_partner_test_1773721996406_emp_test_employee,test.1773721996406@test.example.com,0,[TEST-1773721996406]-EMP Test Employee,[TEST-1773721996406]-EMP Test Employee,en_US,Asia/Colombo,,1,contact,,,,,0.0,0.0,test.1773721996406@test.example.com,,,seed_master_data_and_settings.company_jinasena_pvt_ltd,0,1,,,,,2026-03-17 04:33:26,,0,,0.0,no-message,0,0,no-message,no-message,no-message,automatic,VAT Not Registered,SVAT Nor Registered,0.0,
res_partner_test_1773722031889_emp_test_employee,test.1773722031889@test.example.com,0,[TEST-1773722031889]-EMP Test Employee,[TEST-1773722031889]-EMP Test Employee,en_US,Asia/Colombo,,1,contact,,,,,0.0,0.0,test.1773722031889@test.example.com,,,seed_master_data_and_settings.company_jinasena_pvt_ltd,0,1,,,,,2026-03-17 04:34:02,,0,,0.0,no-message,0,0,no-message,no-message,no-message,automatic,VAT Not Registered,SVAT Nor Registered,0.0,
res_partner_test_1773722135940_dupname_duplicate_emp,test.1773722135940@test.example.com,0,[TEST-1773722135940]-DUPNAME Duplicate Employee,[TEST-1773722135940]-DUPNAME Duplicate Employee,en_US,Asia/Colombo,,1,contact,,,,,0.0,0.0,test.1773722135940@test.example.com,,,seed_master_data_and_settings.company_jinasena_pvt_ltd,0,1,,,,,2026-03-17 04:35:51,,0,,0.0,no-message,0,0,no-message,no-message,no-message,automatic,VAT Not Registered,SVAT Nor Registered,0.0,
res_partner_test_1773722135940_dupname_duplicate_emp_6760,test.1773722135940@test.example.com,0,[TEST-1773722135940]-DUPNAME Duplicate Employee,[TEST-1773722135940]-DUPNAME Duplicate Employee,en_US,Asia/Colombo,,1,contact,,,,,0.0,0.0,test.1773722135940@test.example.com,,,seed_master_data_and_settings.company_jinasena_pvt_ltd,0,1,,,,,2026-03-17 04:35:48,,0,,0.0,no-message,0,0,no-message,no-message,no-message,automatic,VAT Not Registered,SVAT Nor Registered,0.0,
res_partner_test_1773722190080_inv_email_test,,0,[TEST-1773722190080]-INV-EMAIL Test,[TEST-1773722190080]-INV-EMAIL Test,en_US,Asia/Colombo,,1,contact,,,,,0.0,0.0,not-a-valid-email,,,seed_master_data_and_settings.company_jinasena_pvt_ltd,0,1,,,,,2026-03-17 04:36:39,,0,,0.0,no-message,0,0,no-message,no-message,no-message,automatic,VAT Not Registered,SVAT Nor Registered,0.0,
res_partner_test_1773722199928_emp_test_employee,test.1773722199928@test.example.com,0,[TEST-1773722199928]-EMP Test Employee,[TEST-1773722199928]-EMP Test Employee,en_US,Asia/Colombo,,1,contact,,,,,0.0,0.0,test.1773722199928@test.example.com,,,seed_master_data_and_settings.company_jinasena_pvt_ltd,0,1,,,,,2026-03-17 04:36:52,,0,,0.0,no-message,0,0,no-message,no-message,no-message,automatic,VAT Not Registered,SVAT Nor Registered,0.0,
res_partner_test_1773722235717_emp_test_employee,test.1773722235717@test.example.com,0,[TEST-1773722235717]-EMP Test Employee,[TEST-1773722235717]-EMP Test Employee,en_US,Asia/Colombo,,1,contact,,,,,0.0,0.0,test.1773722235717@test.example.com,,,seed_master_data_and_settings.company_jinasena_pvt_ltd,0,1,,,,,2026-03-17 04:37:28,,0,,0.0,no-message,0,0,no-message,no-message,no-message,automatic,VAT Not Registered,SVAT Nor Registered,0.0,
res_partner_test_1773722271518_emp_test_employee,test.1773722271518@test.example.com,0,[TEST-1773722271518]-EMP Test Employee,[TEST-1773722271518]-EMP Test Employee,en_US,Asia/Colombo,,1,contact,,,,,0.0,0.0,test.1773722271518@test.example.com,,,seed_master_data_and_settings.company_jinasena_pvt_ltd,0,1,,,,,2026-03-17 04:38:03,,0,,0.0,no-message,0,0,no-message,no-message,no-message,automatic,VAT Not Registered,SVAT Nor Registered,0.0,
res_partner_test_1773722307394_longname_aaaaaaaaaaaa,,0,[TEST-1773722307394]-LONGNAME-AAAAAAAAAAAAAAAAAAAAAAAAAAAAAAAAAAAAAAAAAAAAAAAAAAAAAAAAAAAAAAAAAAAAAAAAAAAAAAAAAAAAAAAAAAAAAAAAAAAAAAAAAAAAAAAAAAAAAAAAAAAAAAAAAAAAAAAAAAAAAAAAAAAAAAAAAAAAAAAAAAAAAAAAAAAAAAAAAAAAAAAAAAAAAAAAAAAAAAAAAAAAAAAAAAAAAAAAAAAAAAAAAAAAAAAAAAAAAAAA,[TEST-1773722307394]-LONGNAME-AAAAAAAAAAAAAAAAAAAAAAAAAAAAAAAAAAAAAAAAAAAAAAAAAAAAAAAAAAAAAAAAAAAAAAAAAAAAAAAAAAAAAAAAAAAAAAAAAAAAAAAAAAAAAAAAAAAAAAAAAAAAAAAAAAAAAAAAAAAAAAAAAAAAAAAAAAAAAAAAAAAAAAAAAAAAAAAAAAAAAAAAAAAAAAAAAAAAAAAAAAAAAAAAAAAAAAAAAAAAAAAAAAAAAAAAAAAAAAAA,en_US,Asia/Colombo,,1,contact,,,,,0.0,0.0,,,,seed_master_data_and_settings.company_jinasena_pvt_ltd,0,1,,,,,2026-03-17 04:38:38,,0,,0.0,no-message,0,0,no-message,no-message,no-message,automatic,VAT Not Registered,SVAT Nor Registered,0.0,
res_partner_test_1773722371696_special_o_brien,test.1773722371696@test.example.com,0,[TEST-1773722371696]-SPECIAL O'Brien,[TEST-1773722371696]-SPECIAL O'Brien,en_US,Asia/Colombo,,1,contact,,,,,0.0,0.0,test.1773722371696@test.example.com,,,seed_master_data_and_settings.company_jinasena_pvt_ltd,0,1,,,,,2026-03-17 04:39:45,,0,,0.0,no-message,0,0,no-message,no-message,no-message,automatic,VAT Not Registered,SVAT Nor Registered,0.0,
res_partner_test_1773722408775_xss_script_alert_1_sc,test.1773722408775@test.example.com,0,[TEST-1773722408775]-XSS <script>alert(1)</script>,[TEST-1773722408775]-XSS <script>alert(1)</script>,en_US,Asia/Colombo,,1,contact,,,,,0.0,0.0,test.1773722408775@test.example.com,,,seed_master_data_and_settings.company_jinasena_pvt_ltd,0,1,,,,,2026-03-17 04:40:21,,0,,0.0,no-message,0,0,no-message,no-message,no-message,automatic,VAT Not Registered,SVAT Nor Registered,0.0,
res_partner_test_1773722408775_xss_script_alert_1_sc_6768,test.1773722408775@test.example.com,0,[TEST-1773722408775]-XSS <script>alert(1)</script>,[TEST-1773722408775]-XSS <script>alert(1)</script>,en_US,Asia/Colombo,,1,contact,,,,,0.0,0.0,test.1773722408775@test.example.com,,,seed_master_data_and_settings.company_jinasena_pvt_ltd,0,1,,,,,2026-03-17 04:40:21,,0,,0.0,no-message,0,0,no-message,no-message,no-message,automatic,VAT Not Registered,SVAT Nor Registered,0.0,
res_partner_test_1773722572254_emp_test_employee,test.1773722572254@test.example.com,0,[TEST-1773722572254]-EMP Test Employee,[TEST-1773722572254]-EMP Test Employee,en_US,Asia/Colombo,,1,contact,,,,,0.0,0.0,test.1773722572254@test.example.com,,,seed_master_data_and_settings.company_jinasena_pvt_ltd,0,1,,,,,2026-03-17 04:43:03,,0,,0.0,no-message,0,0,no-message,no-message,no-message,automatic,VAT Not Registered,SVAT Nor Registered,0.0,
res_partner_test_1773722576259_emp_test_employee,test.1773722576259@test.example.com,0,[TEST-1773722576259]-EMP Test Employee,[TEST-1773722576259]-EMP Test Employee,en_US,Asia/Colombo,,1,contact,,,,,0.0,0.0,test.1773722576259@test.example.com,,,seed_master_data_and_settings.company_jinasena_pvt_ltd,0,1,,,,,2026-03-17 04:43:06,,0,,0.0,no-message,0,0,no-message,no-message,no-message,automatic,VAT Not Registered,SVAT Nor Registered,0.0,
res_partner_test_1773722580974_emp_test_employee,test.1773722580974@test.example.com,0,[TEST-1773722580974]-EMP Test Employee,[TEST-1773722580974]-EMP Test Employee,en_US,Asia/Colombo,,1,contact,,,,,0.0,0.0,test.1773722580974@test.example.com,,,seed_master_data_and_settings.company_jinasena_pvt_ltd,0,1,,,,,2026-03-17 04:43:11,,0,,0.0,no-message,0,0,no-message,no-message,no-message,automatic,VAT Not Registered,SVAT Nor Registered,0.0,
res_partner_test_1773722616146_emp_test_employee,test.1773722616146@test.example.com,0,[TEST-1773722616146]-EMP Test Employee,[TEST-1773722616146]-EMP Test Employee,en_US,Asia/Colombo,,1,contact,,,,,0.0,0.0,test.1773722616146@test.example.com,,,seed_master_data_and_settings.company_jinasena_pvt_ltd,0,1,,,,,2026-03-17 04:43:46,,0,,0.0,no-message,0,0,no-message,no-message,no-message,automatic,VAT Not Registered,SVAT Nor Registered,0.0,
res_partner_test_1773722651761_emp_test_employee,test.1773722651761@test.example.com,0,[TEST-1773722651761]-EMP Test Employee,[TEST-1773722651761]-EMP Test Employee,en_US,Asia/Colombo,,1,contact,,,,,0.0,0.0,test.1773722651761@test.example.com,,,seed_master_data_and_settings.company_jinasena_pvt_ltd,0,1,,,,,2026-03-17 04:44:22,,0,,0.0,no-message,0,0,no-message,no-message,no-message,automatic,VAT Not Registered,SVAT Nor Registered,0.0,
res_partner_test_1773722690516_emp_test_employee,test.1773722690516@test.example.com,0,[TEST-1773722690516]-EMP Test Employee,[TEST-1773722690516]-EMP Test Employee,en_US,Asia/Colombo,,1,contact,,,,,0.0,0.0,test.1773722690516@test.example.com,,,seed_master_data_and_settings.company_jinasena_pvt_ltd,0,1,,,,,2026-03-17 04:45:01,,0,,0.0,no-message,0,0,no-message,no-message,no-message,automatic,VAT Not Registered,SVAT Nor Registered,0.0,
res_partner_test_1773722697573_emp_test_employee,test.1773722697573@test.example.com,0,[TEST-1773722697573]-EMP Test Employee,[TEST-1773722697573]-EMP Test Employee,en_US,Asia/Colombo,,1,contact,,,,,0.0,0.0,test.1773722697573@test.example.com,,,seed_master_data_and_settings.company_jinasena_pvt_ltd,0,1,,,,,2026-03-17 04:45:08,,0,,0.0,no-message,0,0,no-message,no-message,no-message,automatic,VAT Not Registered,SVAT Nor Registered,0.0,
res_partner_test_1773722735707_emp_test_employee,test.1773722735707@test.example.com,0,[TEST-1773722735707]-EMP Test Employee,[TEST-1773722735707]-EMP Test Employee,en_US,Asia/Colombo,,1,contact,,,,,0.0,0.0,test.1773722735707@test.example.com,,,seed_master_data_and_settings.company_jinasena_pvt_ltd,0,1,,,,,2026-03-17 04:45:46,,0,,0.0,no-message,0,0,no-message,no-message,no-message,automatic,VAT Not Registered,SVAT Nor Registered,0.0,
res_partner_test_1773722773068_emp_test_employee,test.1773722773068@test.example.com,0,[TEST-1773722773068]-EMP Test Employee,[TEST-1773722773068]-EMP Test Employee,en_US,Asia/Colombo,,1,contact,,,,,0.0,0.0,test.1773722773068@test.example.com,,,seed_master_data_and_settings.company_jinasena_pvt_ltd,0,1,,,,,2026-03-17 04:46:23,,0,,0.0,no-message,0,0,no-message,no-message,no-message,automatic,VAT Not Registered,SVAT Nor Registered,0.0,
res_partner_test_1773722773068_emp_test_employee_cop,,0,[TEST-1773722773068]-EMP Test Employee (copy),[TEST-1773722773068]-EMP Test Employee (copy),en_US,Asia/Colombo,,1,contact,,,,,0.0,0.0,,,,seed_master_data_and_settings.company_jinasena_pvt_ltd,0,1,,,,,2026-03-17 04:46:24,,0,,0.0,no-message,0,0,no-message,no-message,no-message,automatic,VAT Not Registered,SVAT Nor Registered,0.0,
res_partner_test_1773722809538_emp_test_employee,test.1773722809538@test.example.com,0,[TEST-1773722809538]-EMP Test Employee,[TEST-1773722809538]-EMP Test Employee,en_US,Asia/Colombo,,1,contact,,,,,0.0,0.0,test.1773722809538@test.example.com,,,seed_master_data_and_settings.company_jinasena_pvt_ltd,0,1,,,,,2026-03-17 04:47:00,,0,,0.0,no-message,0,0,no-message,no-message,no-message,automatic,VAT Not Registered,SVAT Nor Registered,0.0,
res_partner_test_1773722809538_emp_test_employee_cop,,0,[TEST-1773722809538]-EMP Test Employee (copy),[TEST-1773722809538]-EMP Test Employee (copy),en_US,Asia/Colombo,,1,contact,,,,,0.0,0.0,,,,seed_master_data_and_settings.company_jinasena_pvt_ltd,0,1,,,,,2026-03-17 04:47:00,,0,,0.0,no-message,0,0,no-message,no-message,no-message,automatic,VAT Not Registered,SVAT Nor Registered,0.0,
res_partner_test_1773722814957_emp_test_employee,test.1773722814957@test.example.com,0,[TEST-1773722814957]-EMP Test Employee,[TEST-1773722814957]-EMP Test Employee,en_US,Asia/Colombo,,1,contact,,,,,0.0,0.0,test.1773722814957@test.example.com,,,seed_master_data_and_settings.company_jinasena_pvt_ltd,0,1,,,,,2026-03-17 04:47:04,,0,,0.0,no-message,0,0,no-message,no-message,no-message,automatic,VAT Not Registered,SVAT Nor Registered,0.0,
res_partner_test_1773722817836_emp_test_employee,test.1773722817836@test.example.com,0,[TEST-1773722817836]-EMP Test Employee,[TEST-1773722817836]-EMP Test Employee,en_US,Asia/Colombo,,1,contact,,,,,0.0,0.0,test.1773722817836@test.example.com,,,seed_master_data_and_settings.company_jinasena_pvt_ltd,0,1,,,,,2026-03-17 04:47:08,,0,,0.0,no-message,0,0,no-message,no-message,no-message,automatic,VAT Not Registered,SVAT Nor Registered,0.0,
res_partner_test_1773722823131_emp_test_employee,test.1773722823131@test.example.com,0,[TEST-1773722823131]-EMP Test Employee,[TEST-1773722823131]-EMP Test Employee,en_US,Asia/Colombo,,1,contact,,,,,0.0,0.0,test.1773722823131@test.example.com,,,seed_master_data_and_settings.company_jinasena_pvt_ltd,0,1,,,,,2026-03-17 04:47:13,,0,,0.0,no-message,0,0,no-message,no-message,no-message,automatic,VAT Not Registered,SVAT Nor Registered,0.0,
res_partner_test_1773722827966_emp_test_employee,test.1773722827966@test.example.com,0,[TEST-1773722827966]-EMP Test Employee,[TEST-1773722827966]-EMP Test Employee,en_US,Asia/Colombo,,1,contact,,,,,0.0,0.0,test.1773722827966@test.example.com,,,seed_master_data_and_settings.company_jinasena_pvt_ltd,0,1,,,,,2026-03-17 04:47:18,,0,,0.0,no-message,0,0,no-message,no-message,no-message,automatic,VAT Not Registered,SVAT Nor Registered,0.0,
res_partner_test_1773722863427_emp_test_employee,test.1773722863427@test.example.com,0,[TEST-1773722863427]-EMP Test Employee,[TEST-1773722863427]-EMP Test Employee,en_US,Asia/Colombo,,1,contact,,,,,0.0,0.0,test.1773722863427@test.example.com,,,seed_master_data_and_settings.company_jinasena_pvt_ltd,0,1,,,,,2026-03-17 04:47:54,,0,,0.0,no-message,0,0,no-message,no-message,no-message,automatic,VAT Not Registered,SVAT Nor Registered,0.0,
res_partner_test_1773722883802_dupname_duplicate_emp,test.1773722883802@test.example.com,0,[TEST-1773722883802]-DUPNAME Duplicate Employee,[TEST-1773722883802]-DUPNAME Duplicate Employee,en_US,Asia/Colombo,,1,contact,,,,,0.0,0.0,test.1773722883802@test.example.com,,,seed_master_data_and_settings.company_jinasena_pvt_ltd,0,1,,,,,2026-03-17 04:48:18,,0,,0.0,no-message,0,0,no-message,no-message,no-message,automatic,VAT Not Registered,SVAT Nor Registered,0.0,
res_partner_test_1773722883802_dupname_duplicate_emp_6788,test.1773722883802@test.example.com,0,[TEST-1773722883802]-DUPNAME Duplicate Employee,[TEST-1773722883802]-DUPNAME Duplicate Employee,en_US,Asia/Colombo,,1,contact,,,,,0.0,0.0,test.1773722883802@test.example.com,,,seed_master_data_and_settings.company_jinasena_pvt_ltd,0,1,,,,,2026-03-17 04:48:16,,0,,0.0,no-message,0,0,no-message,no-message,no-message,automatic,VAT Not Registered,SVAT Nor Registered,0.0,
res_partner_test_1773722883802_dupname_duplicate_emp_6787,test.1773722883802@test.example.com,0,[TEST-1773722883802]-DUPNAME Duplicate Employee,[TEST-1773722883802]-DUPNAME Duplicate Employee,en_US,Asia/Colombo,,1,contact,,,,,0.0,0.0,test.1773722883802@test.example.com,,,seed_master_data_and_settings.company_jinasena_pvt_ltd,0,1,,,,,2026-03-17 04:48:16,,0,,0.0,no-message,0,0,no-message,no-message,no-message,automatic,VAT Not Registered,SVAT Nor Registered,0.0,
res_partner_test_1773722899323_emp_test_employee,test.1773722899323@test.example.com,0,[TEST-1773722899323]-EMP Test Employee,[TEST-1773722899323]-EMP Test Employee,en_US,Asia/Colombo,,1,contact,,,,,0.0,0.0,test.1773722899323@test.example.com,,,seed_master_data_and_settings.company_jinasena_pvt_ltd,0,1,,,,,2026-03-17 04:48:30,,0,,0.0,no-message,0,0,no-message,no-message,no-message,automatic,VAT Not Registered,SVAT Nor Registered,0.0,
res_partner_test_1773722923594_dupname_duplicate_emp,test.1773722923594@test.example.com,0,[TEST-1773722923594]-DUPNAME Duplicate Employee,[TEST-1773722923594]-DUPNAME Duplicate Employee,en_US,Asia/Colombo,,1,contact,,,,,0.0,0.0,test.1773722923594@test.example.com,,,seed_master_data_and_settings.company_jinasena_pvt_ltd,0,1,,,,,2026-03-17 04:48:59,,0,,0.0,no-message,0,0,no-message,no-message,no-message,automatic,VAT Not Registered,SVAT Nor Registered,0.0,
res_partner_test_1773722923594_dupname_duplicate_emp_6793,test.1773722923594@test.example.com,0,[TEST-1773722923594]-DUPNAME Duplicate Employee,[TEST-1773722923594]-DUPNAME Duplicate Employee,en_US,Asia/Colombo,,1,contact,,,,,0.0,0.0,test.1773722923594@test.example.com,,,seed_master_data_and_settings.company_jinasena_pvt_ltd,0,1,,,,,2026-03-17 04:48:57,,0,,0.0,no-message,0,0,no-message,no-message,no-message,automatic,VAT Not Registered,SVAT Nor Registered,0.0,
res_partner_test_1773722923594_dupname_duplicate_emp_6792,test.1773722923594@test.example.com,0,[TEST-1773722923594]-DUPNAME Duplicate Employee,[TEST-1773722923594]-DUPNAME Duplicate Employee,en_US,Asia/Colombo,,1,contact,,,,,0.0,0.0,test.1773722923594@test.example.com,,,seed_master_data_and_settings.company_jinasena_pvt_ltd,0,1,,,,,2026-03-17 04:48:56,,0,,0.0,no-message,0,0,no-message,no-message,no-message,automatic,VAT Not Registered,SVAT Nor Registered,0.0,
res_partner_test_1773722937197_emp_test_employee,test.1773722937197@test.example.com,0,[TEST-1773722937197]-EMP Test Employee,[TEST-1773722937197]-EMP Test Employee,en_US,Asia/Colombo,,1,contact,,,,,0.0,0.0,test.1773722937197@test.example.com,,,seed_master_data_and_settings.company_jinasena_pvt_ltd,0,1,,,,,2026-03-17 04:49:08,,0,,0.0,no-message,0,0,no-message,no-message,no-message,automatic,VAT Not Registered,SVAT Nor Registered,0.0,
res_partner_test_1773722943454_emp_test_employee,test.1773722943454@test.example.com,0,[TEST-1773722943454]-EMP Test Employee,[TEST-1773722943454]-EMP Test Employee,en_US,Asia/Colombo,,1,contact,,,,,0.0,0.0,test.1773722943454@test.example.com,,,seed_master_data_and_settings.company_jinasena_pvt_ltd,0,1,,,,,2026-03-17 04:49:14,,0,,0.0,no-message,0,0,no-message,no-message,no-message,automatic,VAT Not Registered,SVAT Nor Registered,0.0,
res_partner_test_1773722966137_inv_email_test,,0,[TEST-1773722966137]-INV-EMAIL Test,[TEST-1773722966137]-INV-EMAIL Test,en_US,Asia/Colombo,,1,contact,,,,,0.0,0.0,not-a-valid-email,,,seed_master_data_and_settings.company_jinasena_pvt_ltd,0,1,,,,,2026-03-17 04:49:35,,0,,0.0,no-message,0,0,no-message,no-message,no-message,automatic,VAT Not Registered,SVAT Nor Registered,0.0,
res_partner_test_1773722978427_inv_email_test,,0,[TEST-1773722978427]-INV-EMAIL Test,[TEST-1773722978427]-INV-EMAIL Test,en_US,Asia/Colombo,,1,contact,,,,,0.0,0.0,not-a-valid-email,,,seed_master_data_and_settings.company_jinasena_pvt_ltd,0,1,,,,,2026-03-17 04:49:47,,0,,0.0,no-message,0,0,no-message,no-message,no-message,automatic,VAT Not Registered,SVAT Nor Registered,0.0,
res_partner_test_1773722981028_emp_test_employee,test.1773722981028@test.example.com,0,[TEST-1773722981028]-EMP Test Employee,[TEST-1773722981028]-EMP Test Employee,en_US,Asia/Colombo,,1,contact,,,,,0.0,0.0,test.1773722981028@test.example.com,,,seed_master_data_and_settings.company_jinasena_pvt_ltd,0,1,,,,,2026-03-17 04:49:51,,0,,0.0,no-message,0,0,no-message,no-message,no-message,automatic,VAT Not Registered,SVAT Nor Registered,0.0,
res_partner_test_1773722988469_emp_test_employee,test.1773722988469@test.example.com,0,[TEST-1773722988469]-EMP Test Employee,[TEST-1773722988469]-EMP Test Employee,en_US,Asia/Colombo,,1,contact,,,,,0.0,0.0,test.1773722988469@test.example.com,,,seed_master_data_and_settings.company_jinasena_pvt_ltd,0,1,,,,,2026-03-17 04:50:01,,0,,0.0,no-message,0,0,no-message,no-message,no-message,automatic,VAT Not Registered,SVAT Nor Registered,0.0,
res_partner_test_1773723020637_emp_test_employee,test.1773723020637@test.example.com,0,[TEST-1773723020637]-EMP Test Employee,[TEST-1773723020637]-EMP Test Employee,en_US,Asia/Colombo,,1,contact,,,,,0.0,0.0,test.1773723020637@test.example.com,,,seed_master_data_and_settings.company_jinasena_pvt_ltd,0,1,,,,,2026-03-17 04:50:32,,0,,0.0,no-message,0,0,no-message,no-message,no-message,automatic,VAT Not Registered,SVAT Nor Registered,0.0,
res_partner_test_1773723020637_emp_test_employee_cop,,0,[TEST-1773723020637]-EMP Test Employee (copy),[TEST-1773723020637]-EMP Test Employee (copy),en_US,Asia/Colombo,,1,contact,,,,,0.0,0.0,,,,seed_master_data_and_settings.company_jinasena_pvt_ltd,0,1,,,,,2026-03-17 04:50:33,,0,,0.0,no-message,0,0,no-message,no-message,no-message,automatic,VAT Not Registered,SVAT Nor Registered,0.0,
res_partner_test_1773723024740_emp_test_employee,test.1773723024740@test.example.com,0,[TEST-1773723024740]-EMP Test Employee,[TEST-1773723024740]-EMP Test Employee,en_US,Asia/Colombo,,1,contact,,,,,0.0,0.0,test.1773723024740@test.example.com,,,seed_master_data_and_settings.company_jinasena_pvt_ltd,0,1,,,,,2026-03-17 04:50:38,,0,,0.0,no-message,0,0,no-message,no-message,no-message,automatic,VAT Not Registered,SVAT Nor Registered,0.0,
res_partner_test_1773723058605_emp_test_employee,test.1773723058605@test.example.com,0,[TEST-1773723058605]-EMP Test Employee,[TEST-1773723058605]-EMP Test Employee,en_US,Asia/Colombo,,1,contact,,,,,0.0,0.0,test.1773723058605@test.example.com,,,seed_master_data_and_settings.company_jinasena_pvt_ltd,0,1,,,,,2026-03-17 04:51:09,,0,,0.0,no-message,0,0,no-message,no-message,no-message,automatic,VAT Not Registered,SVAT Nor Registered,0.0,
res_partner_test_1773723058605_emp_test_employee_cop,,0,[TEST-1773723058605]-EMP Test Employee (copy),[TEST-1773723058605]-EMP Test Employee (copy),en_US,Asia/Colombo,,1,contact,,,,,0.0,0.0,,,,seed_master_data_and_settings.company_jinasena_pvt_ltd,0,1,,,,,2026-03-17 04:51:10,,0,,0.0,no-message,0,0,no-message,no-message,no-message,automatic,VAT Not Registered,SVAT Nor Registered,0.0,
res_partner_test_1773723062186_emp_test_employee,test.1773723062186@test.example.com,0,[TEST-1773723062186]-EMP Test Employee,[TEST-1773723062186]-EMP Test Employee,en_US,Asia/Colombo,,1,contact,,,,,0.0,0.0,test.1773723062186@test.example.com,,,seed_master_data_and_settings.company_jinasena_pvt_ltd,0,1,,,,,2026-03-17 04:51:14,,0,,0.0,no-message,0,0,no-message,no-message,no-message,automatic,VAT Not Registered,SVAT Nor Registered,0.0,
res_partner_test_1773723066577_emp_test_employee,test.1773723066577@test.example.com,0,[TEST-1773723066577]-EMP Test Employee,[TEST-1773723066577]-EMP Test Employee,en_US,Asia/Colombo,,1,contact,,,,,0.0,0.0,test.1773723066577@test.example.com,,,seed_master_data_and_settings.company_jinasena_pvt_ltd,0,1,,,,,2026-03-17 04:51:18,,0,,0.0,no-message,0,0,no-message,no-message,no-message,automatic,VAT Not Registered,SVAT Nor Registered,0.0,
res_partner_test_1773723071529_longname_aaaaaaaaaaaa,,0,[TEST-1773723071529]-LONGNAME-AAAAAAAAAAAAAAAAAAAAAAAAAAAAAAAAAAAAAAAAAAAAAAAAAAAAAAAAAAAAAAAAAAAAAAAAAAAAAAAAAAAAAAAAAAAAAAAAAAAAAAAAAAAAAAAAAAAAAAAAAAAAAAAAAAAAAAAAAAAAAAAAAAAAAAAAAAAAAAAAAAAAAAAAAAAAAAAAAAAAAAAAAAAAAAAAAAAAAAAAAAAAAAAAAAAAAAAAAAAAAAAAAAAAAAAAAAAAAAAA,[TEST-1773723071529]-LONGNAME-AAAAAAAAAAAAAAAAAAAAAAAAAAAAAAAAAAAAAAAAAAAAAAAAAAAAAAAAAAAAAAAAAAAAAAAAAAAAAAAAAAAAAAAAAAAAAAAAAAAAAAAAAAAAAAAAAAAAAAAAAAAAAAAAAAAAAAAAAAAAAAAAAAAAAAAAAAAAAAAAAAAAAAAAAAAAAAAAAAAAAAAAAAAAAAAAAAAAAAAAAAAAAAAAAAAAAAAAAAAAAAAAAAAAAAAAAAAAAAAA,en_US,Asia/Colombo,,1,contact,,,,,0.0,0.0,,,,seed_master_data_and_settings.company_jinasena_pvt_ltd,0,1,,,,,2026-03-17 04:51:22,,0,,0.0,no-message,0,0,no-message,no-message,no-message,automatic,VAT Not Registered,SVAT Nor Registered,0.0,
res_partner_test_1773723105082_special_o_brien,test.1773723105082@test.example.com,0,[TEST-1773723105082]-SPECIAL O'Brien,[TEST-1773723105082]-SPECIAL O'Brien,en_US,Asia/Colombo,,1,contact,,,,,0.0,0.0,test.1773723105082@test.example.com,,,seed_master_data_and_settings.company_jinasena_pvt_ltd,0,1,,,,,2026-03-17 04:51:57,,0,,0.0,no-message,0,0,no-message,no-message,no-message,automatic,VAT Not Registered,SVAT Nor Registered,0.0,
res_partner_test_1773723131943_dupname_duplicate_emp,test.1773723131943@test.example.com,0,[TEST-1773723131943]-DUPNAME Duplicate Employee,[TEST-1773723131943]-DUPNAME Duplicate Employee,en_US,Asia/Colombo,,1,contact,,,,,0.0,0.0,test.1773723131943@test.example.com,,,seed_master_data_and_settings.company_jinasena_pvt_ltd,0,1,,,,,2026-03-17 04:52:27,,0,,0.0,no-message,0,0,no-message,no-message,no-message,automatic,VAT Not Registered,SVAT Nor Registered,0.0,
res_partner_test_1773723131943_dupname_duplicate_emp_6812,test.1773723131943@test.example.com,0,[TEST-1773723131943]-DUPNAME Duplicate Employee,[TEST-1773723131943]-DUPNAME Duplicate Employee,en_US,Asia/Colombo,,1,contact,,,,,0.0,0.0,test.1773723131943@test.example.com,,,seed_master_data_and_settings.company_jinasena_pvt_ltd,0,1,,,,,2026-03-17 04:52:26,,0,,0.0,no-message,0,0,no-message,no-message,no-message,automatic,VAT Not Registered,SVAT Nor Registered,0.0,
res_partner_test_1773723131943_dupname_duplicate_emp_6811,test.1773723131943@test.example.com,0,[TEST-1773723131943]-DUPNAME Duplicate Employee,[TEST-1773723131943]-DUPNAME Duplicate Employee,en_US,Asia/Colombo,,1,contact,,,,,0.0,0.0,test.1773723131943@test.example.com,,,seed_master_data_and_settings.company_jinasena_pvt_ltd,0,1,,,,,2026-03-17 04:52:24,,0,,0.0,no-message,0,0,no-message,no-message,no-message,automatic,VAT Not Registered,SVAT Nor Registered,0.0,
res_partner_test_1773723141270_dupname_duplicate_emp,test.1773723141270@test.example.com,0,[TEST-1773723141270]-DUPNAME Duplicate Employee,[TEST-1773723141270]-DUPNAME Duplicate Employee,en_US,Asia/Colombo,,1,contact,,,,,0.0,0.0,test.1773723141270@test.example.com,,,seed_master_data_and_settings.company_jinasena_pvt_ltd,0,1,,,,,2026-03-17 04:52:37,,0,,0.0,no-message,0,0,no-message,no-message,no-message,automatic,VAT Not Registered,SVAT Nor Registered,0.0,
res_partner_test_1773723141270_dupname_duplicate_emp_6815,test.1773723141270@test.example.com,0,[TEST-1773723141270]-DUPNAME Duplicate Employee,[TEST-1773723141270]-DUPNAME Duplicate Employee,en_US,Asia/Colombo,,1,contact,,,,,0.0,0.0,test.1773723141270@test.example.com,,,seed_master_data_and_settings.company_jinasena_pvt_ltd,0,1,,,,,2026-03-17 04:52:34,,0,,0.0,no-message,0,0,no-message,no-message,no-message,automatic,VAT Not Registered,SVAT Nor Registered,0.0,
res_partner_test_1773723141270_dupname_duplicate_emp_6814,test.1773723141270@test.example.com,0,[TEST-1773723141270]-DUPNAME Duplicate Employee,[TEST-1773723141270]-DUPNAME Duplicate Employee,en_US,Asia/Colombo,,1,contact,,,,,0.0,0.0,test.1773723141270@test.example.com,,,seed_master_data_and_settings.company_jinasena_pvt_ltd,0,1,,,,,2026-03-17 04:52:34,,0,,0.0,no-message,0,0,no-message,no-message,no-message,automatic,VAT Not Registered,SVAT Nor Registered,0.0,
res_partner_test_1773723142403_special_o_brien,test.1773723142403@test.example.com,0,[TEST-1773723142403]-SPECIAL O'Brien,[TEST-1773723142403]-SPECIAL O'Brien,en_US,Asia/Colombo,,1,contact,,,,,0.0,0.0,test.1773723142403@test.example.com,,,seed_master_data_and_settings.company_jinasena_pvt_ltd,0,1,,,,,2026-03-17 04:52:36,,0,,0.0,no-message,0,0,no-message,no-message,no-message,automatic,VAT Not Registered,SVAT Nor Registered,0.0,
res_partner_test_1773723148968_special_m_ller,test.1773723148968@test.example.com,0,[TEST-1773723148968]-SPECIAL Müller,[TEST-1773723148968]-SPECIAL Müller,en_US,Asia/Colombo,,1,contact,,,,,0.0,0.0,test.1773723148968@test.example.com,,,seed_master_data_and_settings.company_jinasena_pvt_ltd,0,1,,,,,2026-03-17 04:52:41,,0,,0.0,no-message,0,0,no-message,no-message,no-message,automatic,VAT Not Registered,SVAT Nor Registered,0.0,
res_partner_test_1773723153814_special,test.1773723153814@test.example.com,0,[TEST-1773723153814]-SPECIAL 李明,[TEST-1773723153814]-SPECIAL 李明,en_US,Asia/Colombo,,1,contact,,,,,0.0,0.0,test.1773723153814@test.example.com,,,seed_master_data_and_settings.company_jinasena_pvt_ltd,0,1,,,,,2026-03-17 04:52:45,,0,,0.0,no-message,0,0,no-message,no-message,no-message,automatic,VAT Not Registered,SVAT Nor Registered,0.0,
res_partner_test_1773723154789_emp_test_employee,test.1773723154789@test.example.com,0,[TEST-1773723154789]-EMP Test Employee,[TEST-1773723154789]-EMP Test Employee,en_US,Asia/Colombo,,1,contact,,,,,0.0,0.0,test.1773723154789@test.example.com,,,seed_master_data_and_settings.company_jinasena_pvt_ltd,0,1,,,,,2026-03-17 04:52:45,,0,,0.0,no-message,0,0,no-message,no-message,no-message,automatic,VAT Not Registered,SVAT Nor Registered,0.0,
res_partner_test_1773723159149_xss_script_alert_1_sc,test.1773723159149@test.example.com,0,[TEST-1773723159149]-XSS <script>alert(1)</script>,[TEST-1773723159149]-XSS <script>alert(1)</script>,en_US,Asia/Colombo,,1,contact,,,,,0.0,0.0,test.1773723159149@test.example.com,,,seed_master_data_and_settings.company_jinasena_pvt_ltd,0,1,,,,,2026-03-17 04:52:53,,0,,0.0,no-message,0,0,no-message,no-message,no-message,automatic,VAT Not Registered,SVAT Nor Registered,0.0,
res_partner_test_1773723159149_xss_script_alert_1_sc_6822,test.1773723159149@test.example.com,0,[TEST-1773723159149]-XSS <script>alert(1)</script>,[TEST-1773723159149]-XSS <script>alert(1)</script>,en_US,Asia/Colombo,,1,contact,,,,,0.0,0.0,test.1773723159149@test.example.com,,,seed_master_data_and_settings.company_jinasena_pvt_ltd,0,1,,,,,2026-03-17 04:52:52,,0,,0.0,no-message,0,0,no-message,no-message,no-message,automatic,VAT Not Registered,SVAT Nor Registered,0.0,
res_partner_test_1773723159271_emp_test_employee,test.1773723159271@test.example.com,0,[TEST-1773723159271]-EMP Test Employee,[TEST-1773723159271]-EMP Test Employee,en_US,Asia/Colombo,,1,contact,,,,,0.0,0.0,test.1773723159271@test.example.com,,,seed_master_data_and_settings.company_jinasena_pvt_ltd,0,1,,,,,2026-03-17 04:52:50,,0,,0.0,no-message,0,0,no-message,no-message,no-message,automatic,VAT Not Registered,SVAT Nor Registered,0.0,
res_partner_test_1773723165365_emp_test_employee,test.1773723165365@test.example.com,0,[TEST-1773723165365]-EMP Test Employee,[TEST-1773723165365]-EMP Test Employee,en_US,Asia/Colombo,,1,contact,,,,,0.0,0.0,test.1773723165365@test.example.com,,,seed_master_data_and_settings.company_jinasena_pvt_ltd,0,1,,,,,2026-03-17 04:52:56,,0,,0.0,no-message,0,0,no-message,no-message,no-message,automatic,VAT Not Registered,SVAT Nor Registered,0.0,
res_partner_test_1773723201122_emp_test_employee,test.1773723201122@test.example.com,0,[TEST-1773723201122]-EMP Test Employee,[TEST-1773723201122]-EMP Test Employee,en_US,Asia/Colombo,,1,contact,,,,,0.0,0.0,test.1773723201122@test.example.com,,,seed_master_data_and_settings.company_jinasena_pvt_ltd,0,1,,,,,2026-03-17 04:53:31,,0,,0.0,no-message,0,0,no-message,no-message,no-message,automatic,VAT Not Registered,SVAT Nor Registered,0.0,
res_partner_test_1773723236920_emp_test_employee,test.1773723236920@test.example.com,0,[TEST-1773723236920]-EMP Test Employee,[TEST-1773723236920]-EMP Test Employee,en_US,Asia/Colombo,,1,contact,,,,,0.0,0.0,test.1773723236920@test.example.com,,,seed_master_data_and_settings.company_jinasena_pvt_ltd,0,1,,,,,2026-03-17 04:54:07,,0,,0.0,no-message,0,0,no-message,no-message,no-message,automatic,VAT Not Registered,SVAT Nor Registered,0.0,
res_partner_test_1773723243607_inv_email_test,,0,[TEST-1773723243607]-INV-EMAIL Test,[TEST-1773723243607]-INV-EMAIL Test,en_US,Asia/Colombo,,1,contact,,,,,0.0,0.0,not-a-valid-email,,,seed_master_data_and_settings.company_jinasena_pvt_ltd,0,1,,,,,2026-03-17 04:54:12,,0,,0.0,no-message,0,0,no-message,no-message,no-message,automatic,VAT Not Registered,SVAT Nor Registered,0.0,
res_partner_test_1773723255644_inv_email_test,,0,[TEST-1773723255644]-INV-EMAIL Test,[TEST-1773723255644]-INV-EMAIL Test,en_US,Asia/Colombo,,1,contact,,,,,0.0,0.0,not-a-valid-email,,,seed_master_data_and_settings.company_jinasena_pvt_ltd,0,1,,,,,2026-03-17 04:54:24,,0,,0.0,no-message,0,0,no-message,no-message,no-message,automatic,VAT Not Registered,SVAT Nor Registered,0.0,
res_partner_test_1773723265643_emp_test_employee,test.1773723265643@test.example.com,0,[TEST-1773723265643]-EMP Test Employee,[TEST-1773723265643]-EMP Test Employee,en_US,Asia/Colombo,,1,contact,,,,,0.0,0.0,test.1773723265643@test.example.com,,,seed_master_data_and_settings.company_jinasena_pvt_ltd,0,1,,,,,2026-03-17 04:54:38,,0,,0.0,no-message,0,0,no-message,no-message,no-message,automatic,VAT Not Registered,SVAT Nor Registered,0.0,
res_partner_test_1773723273791_emp_test_employee,test.1773723273791@test.example.com,0,[TEST-1773723273791]-EMP Test Employee,[TEST-1773723273791]-EMP Test Employee,en_US,Asia/Colombo,,1,contact,,,,,0.0,0.0,test.1773723273791@test.example.com,,,seed_master_data_and_settings.company_jinasena_pvt_ltd,0,1,,,,,2026-03-17 04:54:44,,0,,0.0,no-message,0,0,no-message,no-message,no-message,automatic,VAT Not Registered,SVAT Nor Registered,0.0,
res_partner_test_1773723279905_emp_test_employee,test.1773723279905@test.example.com,0,[TEST-1773723279905]-EMP Test Employee,[TEST-1773723279905]-EMP Test Employee,en_US,Asia/Colombo,,1,contact,,,,,0.0,0.0,test.1773723279905@test.example.com,,,seed_master_data_and_settings.company_jinasena_pvt_ltd,0,1,,,,,2026-03-17 04:54:50,,0,,0.0,no-message,0,0,no-message,no-message,no-message,automatic,VAT Not Registered,SVAT Nor Registered,0.0,
res_partner_test_1773723301416_emp_test_employee,test.1773723301416@test.example.com,0,[TEST-1773723301416]-EMP Test Employee,[TEST-1773723301416]-EMP Test Employee,en_US,Asia/Colombo,,1,contact,,,,,0.0,0.0,test.1773723301416@test.example.com,,,seed_master_data_and_settings.company_jinasena_pvt_ltd,0,1,,,,,2026-03-17 04:55:25,,0,,0.0,no-message,0,0,no-message,no-message,no-message,automatic,VAT Not Registered,SVAT Nor Registered,0.0,
res_partner_test_1773723320261_emp_test_employee,test.1773723320261@test.example.com,0,[TEST-1773723320261]-EMP Test Employee,[TEST-1773723320261]-EMP Test Employee,en_US,Asia/Colombo,,1,contact,,,,,0.0,0.0,test.1773723320261@test.example.com,,,seed_master_data_and_settings.company_jinasena_pvt_ltd,0,1,,,,,2026-03-17 04:55:31,,0,,0.0,no-message,0,0,no-message,no-message,no-message,automatic,VAT Not Registered,SVAT Nor Registered,0.0,
res_partner_test_1773723337506_emp_test_employee,test.1773723337506@test.example.com,0,[TEST-1773723337506]-EMP Test Employee,[TEST-1773723337506]-EMP Test Employee,en_US,Asia/Colombo,,1,contact,,,,,0.0,0.0,test.1773723337506@test.example.com,,,seed_master_data_and_settings.company_jinasena_pvt_ltd,0,1,,,,,2026-03-17 04:55:50,,0,,0.0,no-message,0,0,no-message,no-message,no-message,automatic,VAT Not Registered,SVAT Nor Registered,0.0,
res_partner_test_1773723342808_emp_test_employee,test.1773723342808@test.example.com,0,[TEST-1773723342808]-EMP Test Employee,[TEST-1773723342808]-EMP Test Employee,en_US,Asia/Colombo,,1,contact,,,,,0.0,0.0,test.1773723342808@test.example.com,,,seed_master_data_and_settings.company_jinasena_pvt_ltd,0,1,,,,,2026-03-17 04:55:55,,0,,0.0,no-message,0,0,no-message,no-message,no-message,automatic,VAT Not Registered,SVAT Nor Registered,0.0,
res_partner_test_1773723347743_longname_aaaaaaaaaaaa,,0,[TEST-1773723347743]-LONGNAME-AAAAAAAAAAAAAAAAAAAAAAAAAAAAAAAAAAAAAAAAAAAAAAAAAAAAAAAAAAAAAAAAAAAAAAAAAAAAAAAAAAAAAAAAAAAAAAAAAAAAAAAAAAAAAAAAAAAAAAAAAAAAAAAAAAAAAAAAAAAAAAAAAAAAAAAAAAAAAAAAAAAAAAAAAAAAAAAAAAAAAAAAAAAAAAAAAAAAAAAAAAAAAAAAAAAAAAAAAAAAAAAAAAAAAAAAAAAAAAAA,[TEST-1773723347743]-LONGNAME-AAAAAAAAAAAAAAAAAAAAAAAAAAAAAAAAAAAAAAAAAAAAAAAAAAAAAAAAAAAAAAAAAAAAAAAAAAAAAAAAAAAAAAAAAAAAAAAAAAAAAAAAAAAAAAAAAAAAAAAAAAAAAAAAAAAAAAAAAAAAAAAAAAAAAAAAAAAAAAAAAAAAAAAAAAAAAAAAAAAAAAAAAAAAAAAAAAAAAAAAAAAAAAAAAAAAAAAAAAAAAAAAAAAAAAAAAAAAAAAA,en_US,Asia/Colombo,,1,contact,,,,,0.0,0.0,,,,seed_master_data_and_settings.company_jinasena_pvt_ltd,0,1,,,,,2026-03-17 04:55:58,,0,,0.0,no-message,0,0,no-message,no-message,no-message,automatic,VAT Not Registered,SVAT Nor Registered,0.0,
res_partner_test_1773723381027_special_o_brien,test.1773723381027@test.example.com,0,[TEST-1773723381027]-SPECIAL O'Brien,[TEST-1773723381027]-SPECIAL O'Brien,en_US,Asia/Colombo,,1,contact,,,,,0.0,0.0,test.1773723381027@test.example.com,,,seed_master_data_and_settings.company_jinasena_pvt_ltd,0,1,,,,,2026-03-17 04:56:33,,0,,0.0,no-message,0,0,no-message,no-message,no-message,automatic,VAT Not Registered,SVAT Nor Registered,0.0,
res_partner_test_1773723418255_special_o_brien,test.1773723418255@test.example.com,0,[TEST-1773723418255]-SPECIAL O'Brien,[TEST-1773723418255]-SPECIAL O'Brien,en_US,Asia/Colombo,,1,contact,,,,,0.0,0.0,test.1773723418255@test.example.com,,,seed_master_data_and_settings.company_jinasena_pvt_ltd,0,1,,,,,2026-03-17 04:57:11,,0,,0.0,no-message,0,0,no-message,no-message,no-message,automatic,VAT Not Registered,SVAT Nor Registered,0.0,
res_partner_test_1773723423497_special_m_ller,test.1773723423497@test.example.com,0,[TEST-1773723423497]-SPECIAL Müller,[TEST-1773723423497]-SPECIAL Müller,en_US,Asia/Colombo,,1,contact,,,,,0.0,0.0,test.1773723423497@test.example.com,,,seed_master_data_and_settings.company_jinasena_pvt_ltd,0,1,,,,,2026-03-17 04:57:15,,0,,0.0,no-message,0,0,no-message,no-message,no-message,automatic,VAT Not Registered,SVAT Nor Registered,0.0,
res_partner_test_1773723426978_special,test.1773723426978@test.example.com,0,[TEST-1773723426978]-SPECIAL 李明,[TEST-1773723426978]-SPECIAL 李明,en_US,Asia/Colombo,,1,contact,,,,,0.0,0.0,test.1773723426978@test.example.com,,,seed_master_data_and_settings.company_jinasena_pvt_ltd,0,1,,,,,2026-03-17 04:57:18,,0,,0.0,no-message,0,0,no-message,no-message,no-message,automatic,VAT Not Registered,SVAT Nor Registered,0.0,
res_partner_test_1773723431395_xss_script_alert_1_sc,test.1773723431395@test.example.com,0,[TEST-1773723431395]-XSS <script>alert(1)</script>,[TEST-1773723431395]-XSS <script>alert(1)</script>,en_US,Asia/Colombo,,1,contact,,,,,0.0,0.0,test.1773723431395@test.example.com,,,seed_master_data_and_settings.company_jinasena_pvt_ltd,0,1,,,,,2026-03-17 04:57:23,,0,,0.0,no-message,0,0,no-message,no-message,no-message,automatic,VAT Not Registered,SVAT Nor Registered,0.0,
res_partner_test_1773723431395_xss_script_alert_1_sc_6842,test.1773723431395@test.example.com,0,[TEST-1773723431395]-XSS <script>alert(1)</script>,[TEST-1773723431395]-XSS <script>alert(1)</script>,en_US,Asia/Colombo,,1,contact,,,,,0.0,0.0,test.1773723431395@test.example.com,,,seed_master_data_and_settings.company_jinasena_pvt_ltd,0,1,,,,,2026-03-17 04:57:23,,0,,0.0,no-message,0,0,no-message,no-message,no-message,automatic,VAT Not Registered,SVAT Nor Registered,0.0,
res_partner_test_1773723482329_emp_test_employee,test.1773723482329@test.example.com,0,[TEST-1773723482329]-EMP Test Employee,[TEST-1773723482329]-EMP Test Employee,en_US,Asia/Colombo,,1,contact,,,,,0.0,0.0,test.1773723482329@test.example.com,,,seed_master_data_and_settings.company_jinasena_pvt_ltd,0,1,,,,,2026-03-17 04:58:11,,0,,0.0,no-message,0,0,no-message,no-message,no-message,automatic,VAT Not Registered,SVAT Nor Registered,0.0,
res_partner_test_1773723485334_emp_test_employee,test.1773723485334@test.example.com,0,[TEST-1773723485334]-EMP Test Employee,[TEST-1773723485334]-EMP Test Employee,en_US,Asia/Colombo,,1,contact,,,,,0.0,0.0,test.1773723485334@test.example.com,,,seed_master_data_and_settings.company_jinasena_pvt_ltd,0,1,,,,,2026-03-17 04:58:15,,0,,0.0,no-message,0,0,no-message,no-message,no-message,automatic,VAT Not Registered,SVAT Nor Registered,0.0,
res_partner_test_1773723490380_emp_test_employee,test.1773723490380@test.example.com,0,[TEST-1773723490380]-EMP Test Employee,[TEST-1773723490380]-EMP Test Employee,en_US,Asia/Colombo,,1,contact,,,,,0.0,0.0,test.1773723490380@test.example.com,,,seed_master_data_and_settings.company_jinasena_pvt_ltd,0,1,,,,,2026-03-17 04:58:21,,0,,0.0,no-message,0,0,no-message,no-message,no-message,automatic,VAT Not Registered,SVAT Nor Registered,0.0,
res_partner_test_1773723496482_emp_test_employee,test.1773723496482@test.example.com,0,[TEST-1773723496482]-EMP Test Employee,[TEST-1773723496482]-EMP Test Employee,en_US,Asia/Colombo,,1,contact,,,,,0.0,0.0,test.1773723496482@test.example.com,,,seed_master_data_and_settings.company_jinasena_pvt_ltd,0,1,,,,,2026-03-17 04:58:27,,0,,0.0,no-message,0,0,no-message,no-message,no-message,automatic,VAT Not Registered,SVAT Nor Registered,0.0,
res_partner_test_1773723531802_emp_test_employee,test.1773723531802@test.example.com,0,[TEST-1773723531802]-EMP Test Employee,[TEST-1773723531802]-EMP Test Employee,en_US,Asia/Colombo,,1,contact,,,,,0.0,0.0,test.1773723531802@test.example.com,,,seed_master_data_and_settings.company_jinasena_pvt_ltd,0,1,,,,,2026-03-17 04:59:02,,0,,0.0,no-message,0,0,no-message,no-message,no-message,automatic,VAT Not Registered,SVAT Nor Registered,0.0,
res_partner_test_1773723567704_emp_test_employee,test.1773723567704@test.example.com,0,[TEST-1773723567704]-EMP Test Employee,[TEST-1773723567704]-EMP Test Employee,en_US,Asia/Colombo,,1,contact,,,,,0.0,0.0,test.1773723567704@test.example.com,,,seed_master_data_and_settings.company_jinasena_pvt_ltd,0,1,,,,,2026-03-17 04:59:38,,0,,0.0,no-message,0,0,no-message,no-message,no-message,automatic,VAT Not Registered,SVAT Nor Registered,0.0,
res_partner_test_1773723608024_emp_test_employee,test.1773723608024@test.example.com,0,[TEST-1773723608024]-EMP Test Employee,[TEST-1773723608024]-EMP Test Employee,en_US,Asia/Colombo,,1,contact,,,,,0.0,0.0,test.1773723608024@test.example.com,,,seed_master_data_and_settings.company_jinasena_pvt_ltd,0,1,,,,,2026-03-17 05:00:18,,0,,0.0,no-message,0,0,no-message,no-message,no-message,automatic,VAT Not Registered,SVAT Nor Registered,0.0,
res_partner_test_1773723612721_emp_test_employee,test.1773723612721@test.example.com,0,[TEST-1773723612721]-EMP Test Employee,[TEST-1773723612721]-EMP Test Employee,en_US,Asia/Colombo,,1,contact,,,,,0.0,0.0,test.1773723612721@test.example.com,,,seed_master_data_and_settings.company_jinasena_pvt_ltd,0,1,,,,,2026-03-17 05:00:23,,0,,0.0,no-message,0,0,no-message,no-message,no-message,automatic,VAT Not Registered,SVAT Nor Registered,0.0,
res_partner_test_1773723618453_emp_test_employee,test.1773723618453@test.example.com,0,[TEST-1773723618453]-EMP Test Employee,[TEST-1773723618453]-EMP Test Employee,en_US,Asia/Colombo,,1,contact,,,,,0.0,0.0,test.1773723618453@test.example.com,,,seed_master_data_and_settings.company_jinasena_pvt_ltd,0,1,,,,,2026-03-17 05:00:29,,0,,0.0,no-message,0,0,no-message,no-message,no-message,automatic,VAT Not Registered,SVAT Nor Registered,0.0,
res_partner_test_1773723658137_emp_test_employee,test.1773723658137@test.example.com,0,[TEST-1773723658137]-EMP Test Employee,[TEST-1773723658137]-EMP Test Employee,en_US,Asia/Colombo,,1,contact,,,,,0.0,0.0,test.1773723658137@test.example.com,,,seed_master_data_and_settings.company_jinasena_pvt_ltd,0,1,,,,,2026-03-17 05:01:09,,0,,0.0,no-message,0,0,no-message,no-message,no-message,automatic,VAT Not Registered,SVAT Nor Registered,0.0,
res_partner_test_1773723698377_emp_test_employee,test.1773723698377@test.example.com,0,[TEST-1773723698377]-EMP Test Employee,[TEST-1773723698377]-EMP Test Employee,en_US,Asia/Colombo,,1,contact,,,,,0.0,0.0,test.1773723698377@test.example.com,,,seed_master_data_and_settings.company_jinasena_pvt_ltd,0,1,,,,,2026-03-17 05:01:49,,0,,0.0,no-message,0,0,no-message,no-message,no-message,automatic,VAT Not Registered,SVAT Nor Registered,0.0,
res_partner_test_1773723698377_emp_test_employee_cop,,0,[TEST-1773723698377]-EMP Test Employee (copy),[TEST-1773723698377]-EMP Test Employee (copy),en_US,Asia/Colombo,,1,contact,,,,,0.0,0.0,,,,seed_master_data_and_settings.company_jinasena_pvt_ltd,0,1,,,,,2026-03-17 05:01:50,,0,,0.0,no-message,0,0,no-message,no-message,no-message,automatic,VAT Not Registered,SVAT Nor Registered,0.0,
res_partner_test_1773723737556_emp_test_employee,test.1773723737556@test.example.com,0,[TEST-1773723737556]-EMP Test Employee,[TEST-1773723737556]-EMP Test Employee,en_US,Asia/Colombo,,1,contact,,,,,0.0,0.0,test.1773723737556@test.example.com,,,seed_master_data_and_settings.company_jinasena_pvt_ltd,0,1,,,,,2026-03-17 05:02:28,,0,,0.0,no-message,0,0,no-message,no-message,no-message,automatic,VAT Not Registered,SVAT Nor Registered,0.0,
res_partner_test_1773723737556_emp_test_employee_cop,,0,[TEST-1773723737556]-EMP Test Employee (copy),[TEST-1773723737556]-EMP Test Employee (copy),en_US,Asia/Colombo,,1,contact,,,,,0.0,0.0,,,,seed_master_data_and_settings.company_jinasena_pvt_ltd,0,1,,,,,2026-03-17 05:02:29,,0,,0.0,no-message,0,0,no-message,no-message,no-message,automatic,VAT Not Registered,SVAT Nor Registered,0.0,
res_partner_test_1773724003683_emp_test_employee,test.1773724003683@test.example.com,0,[TEST-1773724003683]-EMP Test Employee,[TEST-1773724003683]-EMP Test Employee,en_US,Asia/Colombo,,1,contact,,,,,0.0,0.0,test.1773724003683@test.example.com,,,seed_master_data_and_settings.company_jinasena_pvt_ltd,0,1,,,,,2026-03-17 05:06:54,,0,,0.0,no-message,0,0,no-message,no-message,no-message,automatic,VAT Not Registered,SVAT Nor Registered,0.0,
res_partner_test_1773724011255_emp_test_employee,test.1773724011255@test.example.com,0,[TEST-1773724011255]-EMP Test Employee,[TEST-1773724011255]-EMP Test Employee,en_US,Asia/Colombo,,1,contact,,,,,0.0,0.0,test.1773724011255@test.example.com,,,seed_master_data_and_settings.company_jinasena_pvt_ltd,0,1,,,,,2026-03-17 05:07:01,,0,,0.0,no-message,0,0,no-message,no-message,no-message,automatic,VAT Not Registered,SVAT Nor Registered,0.0,
res_partner_test_1773724048812_emp_test_employee,test.1773724048812@test.example.com,0,[TEST-1773724048812]-EMP Test Employee,[TEST-1773724048812]-EMP Test Employee,en_US,Asia/Colombo,,1,contact,,,,,0.0,0.0,test.1773724048812@test.example.com,,,seed_master_data_and_settings.company_jinasena_pvt_ltd,0,1,,,,,2026-03-17 05:07:40,,0,,0.0,no-message,0,0,no-message,no-message,no-message,automatic,VAT Not Registered,SVAT Nor Registered,0.0,
res_partner_test_1773724087225_emp_test_employee,test.1773724087225@test.example.com,0,[TEST-1773724087225]-EMP Test Employee,[TEST-1773724087225]-EMP Test Employee,en_US,Asia/Colombo,,1,contact,,,,,0.0,0.0,test.1773724087225@test.example.com,,,seed_master_data_and_settings.company_jinasena_pvt_ltd,0,1,,,,,2026-03-17 05:08:18,,0,,0.0,no-message,0,0,no-message,no-message,no-message,automatic,VAT Not Registered,SVAT Nor Registered,0.0,
res_partner_test_1773724087225_emp_test_employee_cop,,0,[TEST-1773724087225]-EMP Test Employee (copy),[TEST-1773724087225]-EMP Test Employee (copy),en_US,Asia/Colombo,,1,contact,,,,,0.0,0.0,,,,seed_master_data_and_settings.company_jinasena_pvt_ltd,0,1,,,,,2026-03-17 05:08:19,,0,,0.0,no-message,0,0,no-message,no-message,no-message,automatic,VAT Not Registered,SVAT Nor Registered,0.0,
res_partner_test_1773724124134_emp_test_employee,test.1773724124134@test.example.com,0,[TEST-1773724124134]-EMP Test Employee,[TEST-1773724124134]-EMP Test Employee,en_US,Asia/Colombo,,1,contact,,,,,0.0,0.0,test.1773724124134@test.example.com,,,seed_master_data_and_settings.company_jinasena_pvt_ltd,0,1,,,,,2026-03-17 05:08:55,,0,,0.0,no-message,0,0,no-message,no-message,no-message,automatic,VAT Not Registered,SVAT Nor Registered,0.0,
res_partner_test_1773724124134_emp_test_employee_cop,,0,[TEST-1773724124134]-EMP Test Employee (copy),[TEST-1773724124134]-EMP Test Employee (copy),en_US,Asia/Colombo,,1,contact,,,,,0.0,0.0,,,,seed_master_data_and_settings.company_jinasena_pvt_ltd,0,1,,,,,2026-03-17 05:08:56,,0,,0.0,no-message,0,0,no-message,no-message,no-message,automatic,VAT Not Registered,SVAT Nor Registered,0.0,
res_partner_test_1773724528491_emp_test_employee,test.1773724528491@test.example.com,0,[TEST-1773724528491]-EMP Test Employee,[TEST-1773724528491]-EMP Test Employee,en_US,Asia/Colombo,,1,contact,,,,,0.0,0.0,test.1773724528491@test.example.com,,,seed_master_data_and_settings.company_jinasena_pvt_ltd,0,1,,,,,2026-03-17 05:15:39,,0,,0.0,no-message,0,0,no-message,no-message,no-message,automatic,VAT Not Registered,SVAT Nor Registered,0.0,
res_partner_test_1773724535044_emp_test_employee,test.1773724535044@test.example.com,0,[TEST-1773724535044]-EMP Test Employee,[TEST-1773724535044]-EMP Test Employee,en_US,Asia/Colombo,,1,contact,,,,,0.0,0.0,test.1773724535044@test.example.com,,,seed_master_data_and_settings.company_jinasena_pvt_ltd,0,1,,,,,2026-03-17 05:15:45,,0,,0.0,no-message,0,0,no-message,no-message,no-message,automatic,VAT Not Registered,SVAT Nor Registered,0.0,
res_partner_test_1773724573016_emp_test_employee,test.1773724573016@test.example.com,0,[TEST-1773724573016]-EMP Test Employee,[TEST-1773724573016]-EMP Test Employee,en_US,Asia/Colombo,,1,contact,,,,,0.0,0.0,test.1773724573016@test.example.com,,,seed_master_data_and_settings.company_jinasena_pvt_ltd,0,1,,,,,2026-03-17 05:16:24,,0,,0.0,no-message,0,0,no-message,no-message,no-message,automatic,VAT Not Registered,SVAT Nor Registered,0.0,
res_partner_test_1773724612881_emp_test_employee,test.1773724612881@test.example.com,0,[TEST-1773724612881]-EMP Test Employee,[TEST-1773724612881]-EMP Test Employee,en_US,Asia/Colombo,,1,contact,,,,,0.0,0.0,test.1773724612881@test.example.com,,,seed_master_data_and_settings.company_jinasena_pvt_ltd,0,1,,,,,2026-03-17 05:17:03,,0,,0.0,no-message,0,0,no-message,no-message,no-message,automatic,VAT Not Registered,SVAT Nor Registered,0.0,
res_partner_test_1773724612881_emp_test_employee_cop,,0,[TEST-1773724612881]-EMP Test Employee (copy),[TEST-1773724612881]-EMP Test Employee (copy),en_US,Asia/Colombo,,1,contact,,,,,0.0,0.0,,,,seed_master_data_and_settings.company_jinasena_pvt_ltd,0,1,,,,,2026-03-17 05:17:04,,0,,0.0,no-message,0,0,no-message,no-message,no-message,automatic,VAT Not Registered,SVAT Nor Registered,0.0,
res_partner_test_1773724652000_emp_test_employee,test.1773724652000@test.example.com,0,[TEST-1773724652000]-EMP Test Employee,[TEST-1773724652000]-EMP Test Employee,en_US,Asia/Colombo,,1,contact,,,,,0.0,0.0,test.1773724652000@test.example.com,,,seed_master_data_and_settings.company_jinasena_pvt_ltd,0,1,,,,,2026-03-17 05:17:43,,0,,0.0,no-message,0,0,no-message,no-message,no-message,automatic,VAT Not Registered,SVAT Nor Registered,0.0,
res_partner_test_1773724652000_emp_test_employee_cop,,0,[TEST-1773724652000]-EMP Test Employee (copy),[TEST-1773724652000]-EMP Test Employee (copy),en_US,Asia/Colombo,,1,contact,,,,,0.0,0.0,,,,seed_master_data_and_settings.company_jinasena_pvt_ltd,0,1,,,,,2026-03-17 05:17:43,,0,,0.0,no-message,0,0,no-message,no-message,no-message,automatic,VAT Not Registered,SVAT Nor Registered,0.0,
res_partner_test_1773725257297_emp_test_employee,test.1773725257297@test.example.com,0,[TEST-1773725257297]-EMP Test Employee,[TEST-1773725257297]-EMP Test Employee,en_US,Asia/Colombo,,1,contact,,,,,0.0,0.0,test.1773725257297@test.example.com,,,seed_master_data_and_settings.company_jinasena_pvt_ltd,0,1,,,,,2026-03-17 05:27:47,,0,,0.0,no-message,0,0,no-message,no-message,no-message,automatic,VAT Not Registered,SVAT Nor Registered,0.0,
res_partner_test_1773725260785_emp_test_employee,test.1773725260785@test.example.com,0,[TEST-1773725260785]-EMP Test Employee,[TEST-1773725260785]-EMP Test Employee,en_US,Asia/Colombo,,1,contact,,,,,0.0,0.0,test.1773725260785@test.example.com,,,seed_master_data_and_settings.company_jinasena_pvt_ltd,0,1,,,,,2026-03-17 05:27:51,,0,,0.0,no-message,0,0,no-message,no-message,no-message,automatic,VAT Not Registered,SVAT Nor Registered,0.0,
res_partner_test_1773725265235_emp_test_employee,test.1773725265235@test.example.com,0,[TEST-1773725265235]-EMP Test Employee,[TEST-1773725265235]-EMP Test Employee,en_US,Asia/Colombo,,1,contact,,,,,0.0,0.0,test.1773725265235@test.example.com,,,seed_master_data_and_settings.company_jinasena_pvt_ltd,0,1,,,,,2026-03-17 05:27:56,,0,,0.0,no-message,0,0,no-message,no-message,no-message,automatic,VAT Not Registered,SVAT Nor Registered,0.0,
res_partner_test_1773725270816_emp_test_employee,test.1773725270816@test.example.com,0,[TEST-1773725270816]-EMP Test Employee,[TEST-1773725270816]-EMP Test Employee,en_US,Asia/Colombo,,1,contact,,,,,0.0,0.0,test.1773725270816@test.example.com,,,seed_master_data_and_settings.company_jinasena_pvt_ltd,0,1,,,,,2026-03-17 05:28:01,,0,,0.0,no-message,0,0,no-message,no-message,no-message,automatic,VAT Not Registered,SVAT Nor Registered,0.0,
res_partner_test_1773725275731_emp_test_employee,test.1773725275731@test.example.com,0,[TEST-1773725275731]-EMP Test Employee,[TEST-1773725275731]-EMP Test Employee,en_US,Asia/Colombo,,1,contact,,,,,0.0,0.0,test.1773725275731@test.example.com,,,seed_master_data_and_settings.company_jinasena_pvt_ltd,0,1,,,,,2026-03-17 05:28:06,,0,,0.0,no-message,0,0,no-message,no-message,no-message,automatic,VAT Not Registered,SVAT Nor Registered,0.0,
res_partner_test_1773725281350_emp_test_employee,test.1773725281350@test.example.com,0,[TEST-1773725281350]-EMP Test Employee,[TEST-1773725281350]-EMP Test Employee,en_US,Asia/Colombo,,1,contact,,,,,0.0,0.0,test.1773725281350@test.example.com,,,seed_master_data_and_settings.company_jinasena_pvt_ltd,0,1,,,,,2026-03-17 05:28:12,,0,,0.0,no-message,0,0,no-message,no-message,no-message,automatic,VAT Not Registered,SVAT Nor Registered,0.0,
res_partner_test_1773725319191_emp_test_employee,test.1773725319191@test.example.com,0,[TEST-1773725319191]-EMP Test Employee,[TEST-1773725319191]-EMP Test Employee,en_US,Asia/Colombo,,1,contact,,,,,0.0,0.0,test.1773725319191@test.example.com,,,seed_master_data_and_settings.company_jinasena_pvt_ltd,0,1,,,,,2026-03-17 05:28:50,,0,,0.0,no-message,0,0,no-message,no-message,no-message,automatic,VAT Not Registered,SVAT Nor Registered,0.0,
res_partner_test_1773725359342_emp_test_employee,test.1773725359342@test.example.com,0,[TEST-1773725359342]-EMP Test Employee,[TEST-1773725359342]-EMP Test Employee,en_US,Asia/Colombo,,1,contact,,,,,0.0,0.0,test.1773725359342@test.example.com,,,seed_master_data_and_settings.company_jinasena_pvt_ltd,0,1,,,,,2026-03-17 05:29:30,,0,,0.0,no-message,0,0,no-message,no-message,no-message,automatic,VAT Not Registered,SVAT Nor Registered,0.0,
res_partner_test_1773725359342_emp_test_employee_cop,,0,[TEST-1773725359342]-EMP Test Employee (copy),[TEST-1773725359342]-EMP Test Employee (copy),en_US,Asia/Colombo,,1,contact,,,,,0.0,0.0,,,,seed_master_data_and_settings.company_jinasena_pvt_ltd,0,1,,,,,2026-03-17 05:29:31,,0,,0.0,no-message,0,0,no-message,no-message,no-message,automatic,VAT Not Registered,SVAT Nor Registered,0.0,
res_partner_test_1773725398273_emp_test_employee,test.1773725398273@test.example.com,0,[TEST-1773725398273]-EMP Test Employee,[TEST-1773725398273]-EMP Test Employee,en_US,Asia/Colombo,,1,contact,,,,,0.0,0.0,test.1773725398273@test.example.com,,,seed_master_data_and_settings.company_jinasena_pvt_ltd,0,1,,,,,2026-03-17 05:30:09,,0,,0.0,no-message,0,0,no-message,no-message,no-message,automatic,VAT Not Registered,SVAT Nor Registered,0.0,
res_partner_test_1773725398273_emp_test_employee_cop,,0,[TEST-1773725398273]-EMP Test Employee (copy),[TEST-1773725398273]-EMP Test Employee (copy),en_US,Asia/Colombo,,1,contact,,,,,0.0,0.0,,,,seed_master_data_and_settings.company_jinasena_pvt_ltd,0,1,,,,,2026-03-17 05:30:09,,0,,0.0,no-message,0,0,no-message,no-message,no-message,automatic,VAT Not Registered,SVAT Nor Registered,0.0,
res_partner_test_1773725457549_dupname_duplicate_emp,test.1773725457549@test.example.com,0,[TEST-1773725457549]-DUPNAME Duplicate Employee,[TEST-1773725457549]-DUPNAME Duplicate Employee,en_US,Asia/Colombo,,1,contact,,,,,0.0,0.0,test.1773725457549@test.example.com,,,seed_master_data_and_settings.company_jinasena_pvt_ltd,0,1,,,,,2026-03-17 05:31:13,,0,,0.0,no-message,0,0,no-message,no-message,no-message,automatic,VAT Not Registered,SVAT Nor Registered,0.0,
res_partner_test_1773725457549_dupname_duplicate_emp_6885,test.1773725457549@test.example.com,0,[TEST-1773725457549]-DUPNAME Duplicate Employee,[TEST-1773725457549]-DUPNAME Duplicate Employee,en_US,Asia/Colombo,,1,contact,,,,,0.0,0.0,test.1773725457549@test.example.com,,,seed_master_data_and_settings.company_jinasena_pvt_ltd,0,1,,,,,2026-03-17 05:31:10,,0,,0.0,no-message,0,0,no-message,no-message,no-message,automatic,VAT Not Registered,SVAT Nor Registered,0.0,
res_partner_test_1773725457549_dupname_duplicate_emp_6884,test.1773725457549@test.example.com,0,[TEST-1773725457549]-DUPNAME Duplicate Employee,[TEST-1773725457549]-DUPNAME Duplicate Employee,en_US,Asia/Colombo,,1,contact,,,,,0.0,0.0,test.1773725457549@test.example.com,,,seed_master_data_and_settings.company_jinasena_pvt_ltd,0,1,,,,,2026-03-17 05:31:10,,0,,0.0,no-message,0,0,no-message,no-message,no-message,automatic,VAT Not Registered,SVAT Nor Registered,0.0,
res_partner_test_1773725469356_dupname_duplicate_emp,test.1773725469356@test.example.com,0,[TEST-1773725469356]-DUPNAME Duplicate Employee,[TEST-1773725469356]-DUPNAME Duplicate Employee,en_US,Asia/Colombo,,1,contact,,,,,0.0,0.0,test.1773725469356@test.example.com,,,seed_master_data_and_settings.company_jinasena_pvt_ltd,0,1,,,,,2026-03-17 05:31:26,,0,,0.0,no-message,0,0,no-message,no-message,no-message,automatic,VAT Not Registered,SVAT Nor Registered,0.0,
res_partner_test_1773725469356_dupname_duplicate_emp_6889,test.1773725469356@test.example.com,0,[TEST-1773725469356]-DUPNAME Duplicate Employee,[TEST-1773725469356]-DUPNAME Duplicate Employee,en_US,Asia/Colombo,,1,contact,,,,,0.0,0.0,test.1773725469356@test.example.com,,,seed_master_data_and_settings.company_jinasena_pvt_ltd,0,1,,,,,2026-03-17 05:31:22,,0,,0.0,no-message,0,0,no-message,no-message,no-message,automatic,VAT Not Registered,SVAT Nor Registered,0.0,
res_partner_test_1773725469356_dupname_duplicate_emp_6887,test.1773725469356@test.example.com,0,[TEST-1773725469356]-DUPNAME Duplicate Employee,[TEST-1773725469356]-DUPNAME Duplicate Employee,en_US,Asia/Colombo,,1,contact,,,,,0.0,0.0,test.1773725469356@test.example.com,,,seed_master_data_and_settings.company_jinasena_pvt_ltd,0,1,,,,,2026-03-17 05:31:22,,0,,0.0,no-message,0,0,no-message,no-message,no-message,automatic,VAT Not Registered,SVAT Nor Registered,0.0,
res_partner_test_1773725513412_inv_email_test,,0,[TEST-1773725513412]-INV-EMAIL Test,[TEST-1773725513412]-INV-EMAIL Test,en_US,Asia/Colombo,,1,contact,,,,,0.0,0.0,not-a-valid-email,,,seed_master_data_and_settings.company_jinasena_pvt_ltd,0,1,,,,,2026-03-17 05:32:02,,0,,0.0,no-message,0,0,no-message,no-message,no-message,automatic,VAT Not Registered,SVAT Nor Registered,0.0,
res_partner_test_1773725525732_inv_email_test,,0,[TEST-1773725525732]-INV-EMAIL Test,[TEST-1773725525732]-INV-EMAIL Test,en_US,Asia/Colombo,,1,contact,,,,,0.0,0.0,not-a-valid-email,,,seed_master_data_and_settings.company_jinasena_pvt_ltd,0,1,,,,,2026-03-17 05:32:14,,0,,0.0,no-message,0,0,no-message,no-message,no-message,automatic,VAT Not Registered,SVAT Nor Registered,0.0,
res_partner_test_1773725536140_emp_test_employee,test.1773725536140@test.example.com,0,[TEST-1773725536140]-EMP Test Employee,[TEST-1773725536140]-EMP Test Employee,en_US,Asia/Colombo,,1,contact,,,,,0.0,0.0,test.1773725536140@test.example.com,,,seed_master_data_and_settings.company_jinasena_pvt_ltd,0,1,,,,,2026-03-17 05:32:29,,0,,0.0,no-message,0,0,no-message,no-message,no-message,automatic,VAT Not Registered,SVAT Nor Registered,0.0,
res_partner_test_1773725572678_emp_test_employee,test.1773725572678@test.example.com,0,[TEST-1773725572678]-EMP Test Employee,[TEST-1773725572678]-EMP Test Employee,en_US,Asia/Colombo,,1,contact,,,,,0.0,0.0,test.1773725572678@test.example.com,,,seed_master_data_and_settings.company_jinasena_pvt_ltd,0,1,,,,,2026-03-17 05:33:06,,0,,0.0,no-message,0,0,no-message,no-message,no-message,automatic,VAT Not Registered,SVAT Nor Registered,0.0,
res_partner_test_1773725610790_emp_test_employee,test.1773725610790@test.example.com,0,[TEST-1773725610790]-EMP Test Employee,[TEST-1773725610790]-EMP Test Employee,en_US,Asia/Colombo,,1,contact,,,,,0.0,0.0,test.1773725610790@test.example.com,,,seed_master_data_and_settings.company_jinasena_pvt_ltd,0,1,,,,,2026-03-17 05:33:43,,0,,0.0,no-message,0,0,no-message,no-message,no-message,automatic,VAT Not Registered,SVAT Nor Registered,0.0,
res_partner_test_1773725615498_emp_test_employee,test.1773725615498@test.example.com,0,[TEST-1773725615498]-EMP Test Employee,[TEST-1773725615498]-EMP Test Employee,en_US,Asia/Colombo,,1,contact,,,,,0.0,0.0,test.1773725615498@test.example.com,,,seed_master_data_and_settings.company_jinasena_pvt_ltd,0,1,,,,,2026-03-17 05:33:48,,0,,0.0,no-message,0,0,no-message,no-message,no-message,automatic,VAT Not Registered,SVAT Nor Registered,0.0,
res_partner_test_1773725620215_longname_aaaaaaaaaaaa,,0,[TEST-1773725620215]-LONGNAME-AAAAAAAAAAAAAAAAAAAAAAAAAAAAAAAAAAAAAAAAAAAAAAAAAAAAAAAAAAAAAAAAAAAAAAAAAAAAAAAAAAAAAAAAAAAAAAAAAAAAAAAAAAAAAAAAAAAAAAAAAAAAAAAAAAAAAAAAAAAAAAAAAAAAAAAAAAAAAAAAAAAAAAAAAAAAAAAAAAAAAAAAAAAAAAAAAAAAAAAAAAAAAAAAAAAAAAAAAAAAAAAAAAAAAAAAAAAAAAAA,[TEST-1773725620215]-LONGNAME-AAAAAAAAAAAAAAAAAAAAAAAAAAAAAAAAAAAAAAAAAAAAAAAAAAAAAAAAAAAAAAAAAAAAAAAAAAAAAAAAAAAAAAAAAAAAAAAAAAAAAAAAAAAAAAAAAAAAAAAAAAAAAAAAAAAAAAAAAAAAAAAAAAAAAAAAAAAAAAAAAAAAAAAAAAAAAAAAAAAAAAAAAAAAAAAAAAAAAAAAAAAAAAAAAAAAAAAAAAAAAAAAAAAAAAAAAAAAAAAA,en_US,Asia/Colombo,,1,contact,,,,,0.0,0.0,,,,seed_master_data_and_settings.company_jinasena_pvt_ltd,0,1,,,,,2026-03-17 05:33:51,,0,,0.0,no-message,0,0,no-message,no-message,no-message,automatic,VAT Not Registered,SVAT Nor Registered,0.0,
res_partner_test_1773725654127_special_o_brien,test.1773725654127@test.example.com,0,[TEST-1773725654127]-SPECIAL O'Brien,[TEST-1773725654127]-SPECIAL O'Brien,en_US,Asia/Colombo,,1,contact,,,,,0.0,0.0,test.1773725654127@test.example.com,,,seed_master_data_and_settings.company_jinasena_pvt_ltd,0,1,,,,,2026-03-17 05:34:26,,0,,0.0,no-message,0,0,no-message,no-message,no-message,automatic,VAT Not Registered,SVAT Nor Registered,0.0,
res_partner_test_1773725658530_special_m_ller,test.1773725658530@test.example.com,0,[TEST-1773725658530]-SPECIAL Müller,[TEST-1773725658530]-SPECIAL Müller,en_US,Asia/Colombo,,1,contact,,,,,0.0,0.0,test.1773725658530@test.example.com,,,seed_master_data_and_settings.company_jinasena_pvt_ltd,0,1,,,,,2026-03-17 05:34:30,,0,,0.0,no-message,0,0,no-message,no-message,no-message,automatic,VAT Not Registered,SVAT Nor Registered,0.0,
res_partner_test_1773725662372_special,test.1773725662372@test.example.com,0,[TEST-1773725662372]-SPECIAL 李明,[TEST-1773725662372]-SPECIAL 李明,en_US,Asia/Colombo,,1,contact,,,,,0.0,0.0,test.1773725662372@test.example.com,,,seed_master_data_and_settings.company_jinasena_pvt_ltd,0,1,,,,,2026-03-17 05:34:34,,0,,0.0,no-message,0,0,no-message,no-message,no-message,automatic,VAT Not Registered,SVAT Nor Registered,0.0,
res_partner_test_1773725666766_xss_script_alert_1_sc,test.1773725666766@test.example.com,0,[TEST-1773725666766]-XSS <script>alert(1)</script>,[TEST-1773725666766]-XSS <script>alert(1)</script>,en_US,Asia/Colombo,,1,contact,,,,,0.0,0.0,test.1773725666766@test.example.com,,,seed_master_data_and_settings.company_jinasena_pvt_ltd,0,1,,,,,2026-03-17 05:34:39,,0,,0.0,no-message,0,0,no-message,no-message,no-message,automatic,VAT Not Registered,SVAT Nor Registered,0.0,
res_partner_test_1773725666766_xss_script_alert_1_sc_6901,test.1773725666766@test.example.com,0,[TEST-1773725666766]-XSS <script>alert(1)</script>,[TEST-1773725666766]-XSS <script>alert(1)</script>,en_US,Asia/Colombo,,1,contact,,,,,0.0,0.0,test.1773725666766@test.example.com,,,seed_master_data_and_settings.company_jinasena_pvt_ltd,0,1,,,,,2026-03-17 05:34:39,,0,,0.0,no-message,0,0,no-message,no-message,no-message,automatic,VAT Not Registered,SVAT Nor Registered,0.0,
res_partner_test_1773729658787_emp_test_employee,test.1773729658787@test.example.com,0,[TEST-1773729658787]-EMP Test Employee,[TEST-1773729658787]-EMP Test Employee,en_US,Asia/Colombo,,1,contact,,,,,0.0,0.0,test.1773729658787@test.example.com,,,seed_master_data_and_settings.company_jinasena_pvt_ltd,0,1,,,,,2026-03-17 06:41:10,,0,,0.0,no-message,0,0,no-message,no-message,no-message,automatic,VAT Not Registered,SVAT Nor Registered,0.0,
res_partner_test_1773729665471_emp_test_employee,test.1773729665471@test.example.com,0,[TEST-1773729665471]-EMP Test Employee,[TEST-1773729665471]-EMP Test Employee,en_US,Asia/Colombo,,1,contact,,,,,0.0,0.0,test.1773729665471@test.example.com,,,seed_master_data_and_settings.company_jinasena_pvt_ltd,0,1,,,,,2026-03-17 06:41:16,,0,,0.0,no-message,0,0,no-message,no-message,no-message,automatic,VAT Not Registered,SVAT Nor Registered,0.0,
res_partner_test_1773729670461_emp_test_employee,test.1773729670461@test.example.com,0,[TEST-1773729670461]-EMP Test Employee,[TEST-1773729670461]-EMP Test Employee,en_US,Asia/Colombo,,1,contact,,,,,0.0,0.0,test.1773729670461@test.example.com,,,seed_master_data_and_settings.company_jinasena_pvt_ltd,0,1,,,,,2026-03-17 06:41:21,,0,,0.0,no-message,0,0,no-message,no-message,no-message,automatic,VAT Not Registered,SVAT Nor Registered,0.0,
res_partner_test_1773729675977_emp_test_employee,test.1773729675977@test.example.com,0,[TEST-1773729675977]-EMP Test Employee,[TEST-1773729675977]-EMP Test Employee,en_US,Asia/Colombo,,1,contact,,,,,0.0,0.0,test.1773729675977@test.example.com,,,seed_master_data_and_settings.company_jinasena_pvt_ltd,0,1,,,,,2026-03-17 06:41:26,,0,,0.0,no-message,0,0,no-message,no-message,no-message,automatic,VAT Not Registered,SVAT Nor Registered,0.0,
res_partner_test_1773729682006_emp_test_employee,test.1773729682006@test.example.com,0,[TEST-1773729682006]-EMP Test Employee,[TEST-1773729682006]-EMP Test Employee,en_US,Asia/Colombo,,1,contact,,,,,0.0,0.0,test.1773729682006@test.example.com,,,seed_master_data_and_settings.company_jinasena_pvt_ltd,0,1,,,,,2026-03-17 06:41:32,,0,,0.0,no-message,0,0,no-message,no-message,no-message,automatic,VAT Not Registered,SVAT Nor Registered,0.0,
res_partner_test_1773729719723_emp_test_employee,test.1773729719723@test.example.com,0,[TEST-1773729719723]-EMP Test Employee,[TEST-1773729719723]-EMP Test Employee,en_US,Asia/Colombo,,1,contact,,,,,0.0,0.0,test.1773729719723@test.example.com,,,seed_master_data_and_settings.company_jinasena_pvt_ltd,0,1,,,,,2026-03-17 06:42:11,,0,,0.0,no-message,0,0,no-message,no-message,no-message,automatic,VAT Not Registered,SVAT Nor Registered,0.0,
res_partner_test_1773729759838_emp_test_employee,test.1773729759838@test.example.com,0,[TEST-1773729759838]-EMP Test Employee,[TEST-1773729759838]-EMP Test Employee,en_US,Asia/Colombo,,1,contact,,,,,0.0,0.0,test.1773729759838@test.example.com,,,seed_master_data_and_settings.company_jinasena_pvt_ltd,0,1,,,,,2026-03-17 06:42:50,,0,,0.0,no-message,0,0,no-message,no-message,no-message,automatic,VAT Not Registered,SVAT Nor Registered,0.0,
res_partner_test_1773729759838_emp_test_employee_cop,,0,[TEST-1773729759838]-EMP Test Employee (copy),[TEST-1773729759838]-EMP Test Employee (copy),en_US,Asia/Colombo,,1,contact,,,,,0.0,0.0,,,,seed_master_data_and_settings.company_jinasena_pvt_ltd,0,1,,,,,2026-03-17 06:42:51,,0,,0.0,no-message,0,0,no-message,no-message,no-message,automatic,VAT Not Registered,SVAT Nor Registered,0.0,
res_partner_test_1773729797657_emp_test_employee,test.1773729797657@test.example.com,0,[TEST-1773729797657]-EMP Test Employee,[TEST-1773729797657]-EMP Test Employee,en_US,Asia/Colombo,,1,contact,,,,,0.0,0.0,test.1773729797657@test.example.com,,,seed_master_data_and_settings.company_jinasena_pvt_ltd,0,1,,,,,2026-03-17 06:43:28,,0,,0.0,no-message,0,0,no-message,no-message,no-message,automatic,VAT Not Registered,SVAT Nor Registered,0.0,
res_partner_test_1773729797657_emp_test_employee_cop,,0,[TEST-1773729797657]-EMP Test Employee (copy),[TEST-1773729797657]-EMP Test Employee (copy),en_US,Asia/Colombo,,1,contact,,,,,0.0,0.0,,,,seed_master_data_and_settings.company_jinasena_pvt_ltd,0,1,,,,,2026-03-17 06:43:29,,0,,0.0,no-message,0,0,no-message,no-message,no-message,automatic,VAT Not Registered,SVAT Nor Registered,0.0,
res_partner_test_1773729853867_dupname_duplicate_emp,test.1773729853867@test.example.com,0,[TEST-1773729853867]-DUPNAME Duplicate Employee,[TEST-1773729853867]-DUPNAME Duplicate Employee,en_US,Asia/Colombo,,1,contact,,,,,0.0,0.0,test.1773729853867@test.example.com,,,seed_master_data_and_settings.company_jinasena_pvt_ltd,0,1,,,,,2026-03-17 06:44:30,,0,,0.0,no-message,0,0,no-message,no-message,no-message,automatic,VAT Not Registered,SVAT Nor Registered,0.0,
res_partner_test_1773729853867_dupname_duplicate_emp_6914,test.1773729853867@test.example.com,0,[TEST-1773729853867]-DUPNAME Duplicate Employee,[TEST-1773729853867]-DUPNAME Duplicate Employee,en_US,Asia/Colombo,,1,contact,,,,,0.0,0.0,test.1773729853867@test.example.com,,,seed_master_data_and_settings.company_jinasena_pvt_ltd,0,1,,,,,2026-03-17 06:44:26,,0,,0.0,no-message,0,0,no-message,no-message,no-message,automatic,VAT Not Registered,SVAT Nor Registered,0.0,
res_partner_test_1773729853867_dupname_duplicate_emp_6913,test.1773729853867@test.example.com,0,[TEST-1773729853867]-DUPNAME Duplicate Employee,[TEST-1773729853867]-DUPNAME Duplicate Employee,en_US,Asia/Colombo,,1,contact,,,,,0.0,0.0,test.1773729853867@test.example.com,,,seed_master_data_and_settings.company_jinasena_pvt_ltd,0,1,,,,,2026-03-17 06:44:26,,0,,0.0,no-message,0,0,no-message,no-message,no-message,automatic,VAT Not Registered,SVAT Nor Registered,0.0,
res_partner_test_1773729865540_dupname_duplicate_emp,test.1773729865540@test.example.com,0,[TEST-1773729865540]-DUPNAME Duplicate Employee,[TEST-1773729865540]-DUPNAME Duplicate Employee,en_US,Asia/Colombo,,1,contact,,,,,0.0,0.0,test.1773729865540@test.example.com,,,seed_master_data_and_settings.company_jinasena_pvt_ltd,0,1,,,,,2026-03-17 06:44:42,,0,,0.0,no-message,0,0,no-message,no-message,no-message,automatic,VAT Not Registered,SVAT Nor Registered,0.0,
res_partner_test_1773729865540_dupname_duplicate_emp_6918,test.1773729865540@test.example.com,0,[TEST-1773729865540]-DUPNAME Duplicate Employee,[TEST-1773729865540]-DUPNAME Duplicate Employee,en_US,Asia/Colombo,,1,contact,,,,,0.0,0.0,test.1773729865540@test.example.com,,,seed_master_data_and_settings.company_jinasena_pvt_ltd,0,1,,,,,2026-03-17 06:44:39,,0,,0.0,no-message,0,0,no-message,no-message,no-message,automatic,VAT Not Registered,SVAT Nor Registered,0.0,
res_partner_test_1773729865540_dupname_duplicate_emp_6916,test.1773729865540@test.example.com,0,[TEST-1773729865540]-DUPNAME Duplicate Employee,[TEST-1773729865540]-DUPNAME Duplicate Employee,en_US,Asia/Colombo,,1,contact,,,,,0.0,0.0,test.1773729865540@test.example.com,,,seed_master_data_and_settings.company_jinasena_pvt_ltd,0,1,,,,,2026-03-17 06:44:38,,0,,0.0,no-message,0,0,no-message,no-message,no-message,automatic,VAT Not Registered,SVAT Nor Registered,0.0,
res_partner_test_1773729909101_inv_email_test,,0,[TEST-1773729909101]-INV-EMAIL Test,[TEST-1773729909101]-INV-EMAIL Test,en_US,Asia/Colombo,,1,contact,,,,,0.0,0.0,not-a-valid-email,,,seed_master_data_and_settings.company_jinasena_pvt_ltd,0,1,,,,,2026-03-17 06:45:18,,0,,0.0,no-message,0,0,no-message,no-message,no-message,automatic,VAT Not Registered,SVAT Nor Registered,0.0,
res_partner_test_1773729921388_inv_email_test,,0,[TEST-1773729921388]-INV-EMAIL Test,[TEST-1773729921388]-INV-EMAIL Test,en_US,Asia/Colombo,,1,contact,,,,,0.0,0.0,not-a-valid-email,,,seed_master_data_and_settings.company_jinasena_pvt_ltd,0,1,,,,,2026-03-17 06:45:30,,0,,0.0,no-message,0,0,no-message,no-message,no-message,automatic,VAT Not Registered,SVAT Nor Registered,0.0,
res_partner_test_1773729931673_emp_test_employee,test.1773729931673@test.example.com,0,[TEST-1773729931673]-EMP Test Employee,[TEST-1773729931673]-EMP Test Employee,en_US,Asia/Colombo,,1,contact,,,,,0.0,0.0,test.1773729931673@test.example.com,,,seed_master_data_and_settings.company_jinasena_pvt_ltd,0,1,,,,,2026-03-17 06:45:44,,0,,0.0,no-message,0,0,no-message,no-message,no-message,automatic,VAT Not Registered,SVAT Nor Registered,0.0,
res_partner_test_1773729968165_emp_test_employee,test.1773729968165@test.example.com,0,[TEST-1773729968165]-EMP Test Employee,[TEST-1773729968165]-EMP Test Employee,en_US,Asia/Colombo,,1,contact,,,,,0.0,0.0,test.1773729968165@test.example.com,,,seed_master_data_and_settings.company_jinasena_pvt_ltd,0,1,,,,,2026-03-17 06:46:21,,0,,0.0,no-message,0,0,no-message,no-message,no-message,automatic,VAT Not Registered,SVAT Nor Registered,0.0,
res_partner_test_1773730005496_emp_test_employee,test.1773730005496@test.example.com,0,[TEST-1773730005496]-EMP Test Employee,[TEST-1773730005496]-EMP Test Employee,en_US,Asia/Colombo,,1,contact,,,,,0.0,0.0,test.1773730005496@test.example.com,,,seed_master_data_and_settings.company_jinasena_pvt_ltd,0,1,,,,,2026-03-17 06:46:58,,0,,0.0,no-message,0,0,no-message,no-message,no-message,automatic,VAT Not Registered,SVAT Nor Registered,0.0,
res_partner_test_1773730010651_emp_test_employee,test.1773730010651@test.example.com,0,[TEST-1773730010651]-EMP Test Employee,[TEST-1773730010651]-EMP Test Employee,en_US,Asia/Colombo,,1,contact,,,,,0.0,0.0,test.1773730010651@test.example.com,,,seed_master_data_and_settings.company_jinasena_pvt_ltd,0,1,,,,,2026-03-17 06:47:03,,0,,0.0,no-message,0,0,no-message,no-message,no-message,automatic,VAT Not Registered,SVAT Nor Registered,0.0,
res_partner_test_1773730015808_longname_aaaaaaaaaaaa,,0,[TEST-1773730015808]-LONGNAME-AAAAAAAAAAAAAAAAAAAAAAAAAAAAAAAAAAAAAAAAAAAAAAAAAAAAAAAAAAAAAAAAAAAAAAAAAAAAAAAAAAAAAAAAAAAAAAAAAAAAAAAAAAAAAAAAAAAAAAAAAAAAAAAAAAAAAAAAAAAAAAAAAAAAAAAAAAAAAAAAAAAAAAAAAAAAAAAAAAAAAAAAAAAAAAAAAAAAAAAAAAAAAAAAAAAAAAAAAAAAAAAAAAAAAAAAAAAAAAAA,[TEST-1773730015808]-LONGNAME-AAAAAAAAAAAAAAAAAAAAAAAAAAAAAAAAAAAAAAAAAAAAAAAAAAAAAAAAAAAAAAAAAAAAAAAAAAAAAAAAAAAAAAAAAAAAAAAAAAAAAAAAAAAAAAAAAAAAAAAAAAAAAAAAAAAAAAAAAAAAAAAAAAAAAAAAAAAAAAAAAAAAAAAAAAAAAAAAAAAAAAAAAAAAAAAAAAAAAAAAAAAAAAAAAAAAAAAAAAAAAAAAAAAAAAAAAAAAAAAA,en_US,Asia/Colombo,,1,contact,,,,,0.0,0.0,,,,seed_master_data_and_settings.company_jinasena_pvt_ltd,0,1,,,,,2026-03-17 06:47:07,,0,,0.0,no-message,0,0,no-message,no-message,no-message,automatic,VAT Not Registered,SVAT Nor Registered,0.0,
res_partner_test_1773730049669_special_o_brien,test.1773730049669@test.example.com,0,[TEST-1773730049669]-SPECIAL O'Brien,[TEST-1773730049669]-SPECIAL O'Brien,en_US,Asia/Colombo,,1,contact,,,,,0.0,0.0,test.1773730049669@test.example.com,,,seed_master_data_and_settings.company_jinasena_pvt_ltd,0,1,,,,,2026-03-17 06:47:42,,0,,0.0,no-message,0,0,no-message,no-message,no-message,automatic,VAT Not Registered,SVAT Nor Registered,0.0,
res_partner_test_1773730055003_special_m_ller,test.1773730055003@test.example.com,0,[TEST-1773730055003]-SPECIAL Müller,[TEST-1773730055003]-SPECIAL Müller,en_US,Asia/Colombo,,1,contact,,,,,0.0,0.0,test.1773730055003@test.example.com,,,seed_master_data_and_settings.company_jinasena_pvt_ltd,0,1,,,,,2026-03-17 06:47:47,,0,,0.0,no-message,0,0,no-message,no-message,no-message,automatic,VAT Not Registered,SVAT Nor Registered,0.0,
res_partner_test_1773730059263_special,test.1773730059263@test.example.com,0,[TEST-1773730059263]-SPECIAL 李明,[TEST-1773730059263]-SPECIAL 李明,en_US,Asia/Colombo,,1,contact,,,,,0.0,0.0,test.1773730059263@test.example.com,,,seed_master_data_and_settings.company_jinasena_pvt_ltd,0,1,,,,,2026-03-17 06:47:51,,0,,0.0,no-message,0,0,no-message,no-message,no-message,automatic,VAT Not Registered,SVAT Nor Registered,0.0,
res_partner_test_1773730063423_xss_script_alert_1_sc,test.1773730063423@test.example.com,0,[TEST-1773730063423]-XSS <script>alert(1)</script>,[TEST-1773730063423]-XSS <script>alert(1)</script>,en_US,Asia/Colombo,,1,contact,,,,,0.0,0.0,test.1773730063423@test.example.com,,,seed_master_data_and_settings.company_jinasena_pvt_ltd,0,1,,,,,2026-03-17 06:47:56,,0,,0.0,no-message,0,0,no-message,no-message,no-message,automatic,VAT Not Registered,SVAT Nor Registered,0.0,
res_partner_test_1773730063423_xss_script_alert_1_sc_6930,test.1773730063423@test.example.com,0,[TEST-1773730063423]-XSS <script>alert(1)</script>,[TEST-1773730063423]-XSS <script>alert(1)</script>,en_US,Asia/Colombo,,1,contact,,,,,0.0,0.0,test.1773730063423@test.example.com,,,seed_master_data_and_settings.company_jinasena_pvt_ltd,0,1,,,,,2026-03-17 06:47:56,,0,,0.0,no-message,0,0,no-message,no-message,no-message,automatic,VAT Not Registered,SVAT Nor Registered,0.0,
res_partner_test_1773733047960_emp_test_employee,test.1773733047960@test.example.com,0,[TEST-1773733047960]-EMP Test Employee,[TEST-1773733047960]-EMP Test Employee,en_US,Asia/Colombo,,1,contact,,,,,0.0,0.0,test.1773733047960@test.example.com,,,seed_master_data_and_settings.company_jinasena_pvt_ltd,0,1,,,,,2026-03-17 07:37:39,,0,,0.0,no-message,0,0,no-message,no-message,no-message,automatic,VAT Not Registered,SVAT Nor Registered,0.0,
res_partner_test_1773733085922_emp_test_employee,test.1773733085922@test.example.com,0,[TEST-1773733085922]-EMP Test Employee,[TEST-1773733085922]-EMP Test Employee,en_US,Asia/Colombo,,1,contact,,,,,0.0,0.0,test.1773733085922@test.example.com,,,seed_master_data_and_settings.company_jinasena_pvt_ltd,0,1,,,,,2026-03-17 07:38:16,,0,,0.0,no-message,0,0,no-message,no-message,no-message,automatic,VAT Not Registered,SVAT Nor Registered,0.0,
res_partner_test_1773733124300_emp_test_employee,test.1773733124300@test.example.com,0,[TEST-1773733124300]-EMP Test Employee,[TEST-1773733124300]-EMP Test Employee,en_US,Asia/Colombo,,1,contact,,,,,0.0,0.0,test.1773733124300@test.example.com,,,seed_master_data_and_settings.company_jinasena_pvt_ltd,0,1,,,,,2026-03-17 07:38:55,,0,,0.0,no-message,0,0,no-message,no-message,no-message,automatic,VAT Not Registered,SVAT Nor Registered,0.0,
res_partner_test_1773733124300_emp_test_employee_cop,,0,[TEST-1773733124300]-EMP Test Employee (copy),[TEST-1773733124300]-EMP Test Employee (copy),en_US,Asia/Colombo,,1,contact,,,,,0.0,0.0,,,,seed_master_data_and_settings.company_jinasena_pvt_ltd,0,1,,,,,2026-03-17 07:38:56,,0,,0.0,no-message,0,0,no-message,no-message,no-message,automatic,VAT Not Registered,SVAT Nor Registered,0.0,
res_partner_test_1773733162652_emp_test_employee,test.1773733162652@test.example.com,0,[TEST-1773733162652]-EMP Test Employee,[TEST-1773733162652]-EMP Test Employee,en_US,Asia/Colombo,,1,contact,,,,,0.0,0.0,test.1773733162652@test.example.com,,,seed_master_data_and_settings.company_jinasena_pvt_ltd,0,1,,,,,2026-03-17 07:39:33,,0,,0.0,no-message,0,0,no-message,no-message,no-message,automatic,VAT Not Registered,SVAT Nor Registered,0.0,
res_partner_test_1773733162652_emp_test_employee_cop,,0,[TEST-1773733162652]-EMP Test Employee (copy),[TEST-1773733162652]-EMP Test Employee (copy),en_US,Asia/Colombo,,1,contact,,,,,0.0,0.0,,,,seed_master_data_and_settings.company_jinasena_pvt_ltd,0,1,,,,,2026-03-17 07:39:34,,0,,0.0,no-message,0,0,no-message,no-message,no-message,automatic,VAT Not Registered,SVAT Nor Registered,0.0,
res_partner_test_1773733242520_emp_test_employee,test.1773733242520@test.example.com,0,[TEST-1773733242520]-EMP Test Employee,[TEST-1773733242520]-EMP Test Employee,en_US,Asia/Colombo,,1,contact,,,,,0.0,0.0,test.1773733242520@test.example.com,,,seed_master_data_and_settings.company_jinasena_pvt_ltd,0,1,,,,,2026-03-17 07:40:54,,0,,0.0,no-message,0,0,no-message,no-message,no-message,automatic,VAT Not Registered,SVAT Nor Registered,0.0,
res_partner_test_1773733281293_emp_test_employee,test.1773733281293@test.example.com,0,[TEST-1773733281293]-EMP Test Employee,[TEST-1773733281293]-EMP Test Employee,en_US,Asia/Colombo,,1,contact,,,,,0.0,0.0,test.1773733281293@test.example.com,,,seed_master_data_and_settings.company_jinasena_pvt_ltd,0,1,,,,,2026-03-17 07:41:32,,0,,0.0,no-message,0,0,no-message,no-message,no-message,automatic,VAT Not Registered,SVAT Nor Registered,0.0,
res_partner_test_1773733319979_emp_test_employee,test.1773733319979@test.example.com,0,[TEST-1773733319979]-EMP Test Employee,[TEST-1773733319979]-EMP Test Employee,en_US,Asia/Colombo,,1,contact,,,,,0.0,0.0,test.1773733319979@test.example.com,,,seed_master_data_and_settings.company_jinasena_pvt_ltd,0,1,,,,,2026-03-17 07:42:10,,0,,0.0,no-message,0,0,no-message,no-message,no-message,automatic,VAT Not Registered,SVAT Nor Registered,0.0,
res_partner_test_1773733319979_emp_test_employee_cop,,0,[TEST-1773733319979]-EMP Test Employee (copy),[TEST-1773733319979]-EMP Test Employee (copy),en_US,Asia/Colombo,,1,contact,,,,,0.0,0.0,,,,seed_master_data_and_settings.company_jinasena_pvt_ltd,0,1,,,,,2026-03-17 07:42:11,,0,,0.0,no-message,0,0,no-message,no-message,no-message,automatic,VAT Not Registered,SVAT Nor Registered,0.0,
res_partner_test_1773733357347_emp_test_employee,test.1773733357347@test.example.com,0,[TEST-1773733357347]-EMP Test Employee,[TEST-1773733357347]-EMP Test Employee,en_US,Asia/Colombo,,1,contact,,,,,0.0,0.0,test.1773733357347@test.example.com,,,seed_master_data_and_settings.company_jinasena_pvt_ltd,0,1,,,,,2026-03-17 07:42:48,,0,,0.0,no-message,0,0,no-message,no-message,no-message,automatic,VAT Not Registered,SVAT Nor Registered,0.0,
res_partner_test_1773733357347_emp_test_employee_cop,,0,[TEST-1773733357347]-EMP Test Employee (copy),[TEST-1773733357347]-EMP Test Employee (copy),en_US,Asia/Colombo,,1,contact,,,,,0.0,0.0,,,,seed_master_data_and_settings.company_jinasena_pvt_ltd,0,1,,,,,2026-03-17 07:42:49,,0,,0.0,no-message,0,0,no-message,no-message,no-message,automatic,VAT Not Registered,SVAT Nor Registered,0.0,
res_partner_test_1773733711280_emp_test_employee,test.1773733711280@test.example.com,0,[TEST-1773733711280]-EMP Test Employee,[TEST-1773733711280]-EMP Test Employee,en_US,Asia/Colombo,,1,contact,,,,,0.0,0.0,test.1773733711280@test.example.com,,,seed_master_data_and_settings.company_jinasena_pvt_ltd,0,1,,,,,2026-03-17 07:48:42,,0,,0.0,no-message,0,0,no-message,no-message,no-message,automatic,VAT Not Registered,SVAT Nor Registered,0.0,
res_partner_test_1773733749714_emp_test_employee,test.1773733749714@test.example.com,0,[TEST-1773733749714]-EMP Test Employee,[TEST-1773733749714]-EMP Test Employee,en_US,Asia/Colombo,,1,contact,,,,,0.0,0.0,test.1773733749714@test.example.com,,,seed_master_data_and_settings.company_jinasena_pvt_ltd,0,1,,,,,2026-03-17 07:49:20,,0,,0.0,no-message,0,0,no-message,no-message,no-message,automatic,VAT Not Registered,SVAT Nor Registered,0.0,
res_partner_test_1773733788432_emp_test_employee,test.1773733788432@test.example.com,0,[TEST-1773733788432]-EMP Test Employee,[TEST-1773733788432]-EMP Test Employee,en_US,Asia/Colombo,,1,contact,,,,,0.0,0.0,test.1773733788432@test.example.com,,,seed_master_data_and_settings.company_jinasena_pvt_ltd,0,1,,,,,2026-03-17 07:49:59,,0,,0.0,no-message,0,0,no-message,no-message,no-message,automatic,VAT Not Registered,SVAT Nor Registered,0.0,
res_partner_test_1773733788432_emp_test_employee_cop,,0,[TEST-1773733788432]-EMP Test Employee (copy),[TEST-1773733788432]-EMP Test Employee (copy),en_US,Asia/Colombo,,1,contact,,,,,0.0,0.0,,,,seed_master_data_and_settings.company_jinasena_pvt_ltd,0,1,,,,,2026-03-17 07:50:00,,0,,0.0,no-message,0,0,no-message,no-message,no-message,automatic,VAT Not Registered,SVAT Nor Registered,0.0,
res_partner_test_1773733827409_emp_test_employee,test.1773733827409@test.example.com,0,[TEST-1773733827409]-EMP Test Employee,[TEST-1773733827409]-EMP Test Employee,en_US,Asia/Colombo,,1,contact,,,,,0.0,0.0,test.1773733827409@test.example.com,,,seed_master_data_and_settings.company_jinasena_pvt_ltd,0,1,,,,,2026-03-17 07:50:38,,0,,0.0,no-message,0,0,no-message,no-message,no-message,automatic,VAT Not Registered,SVAT Nor Registered,0.0,
res_partner_test_1773733827409_emp_test_employee_cop,,0,[TEST-1773733827409]-EMP Test Employee (copy),[TEST-1773733827409]-EMP Test Employee (copy),en_US,Asia/Colombo,,1,contact,,,,,0.0,0.0,,,,seed_master_data_and_settings.company_jinasena_pvt_ltd,0,1,,,,,2026-03-17 07:50:39,,0,,0.0,no-message,0,0,no-message,no-message,no-message,automatic,VAT Not Registered,SVAT Nor Registered,0.0,
res_partner_test_1773734124132_emp_test_employee,test.1773734124132@test.example.com,0,[TEST-1773734124132]-EMP Test Employee,[TEST-1773734124132]-EMP Test Employee,en_US,Asia/Colombo,,1,contact,,,,,0.0,0.0,test.1773734124132@test.example.com,,,seed_master_data_and_settings.company_jinasena_pvt_ltd,0,1,,,,,2026-03-17 07:55:35,,0,,0.0,no-message,0,0,no-message,no-message,no-message,automatic,VAT Not Registered,SVAT Nor Registered,0.0,
res_partner_test_1773734162530_emp_test_employee,test.1773734162530@test.example.com,0,[TEST-1773734162530]-EMP Test Employee,[TEST-1773734162530]-EMP Test Employee,en_US,Asia/Colombo,,1,contact,,,,,0.0,0.0,test.1773734162530@test.example.com,,,seed_master_data_and_settings.company_jinasena_pvt_ltd,0,1,,,,,2026-03-17 07:56:13,,0,,0.0,no-message,0,0,no-message,no-message,no-message,automatic,VAT Not Registered,SVAT Nor Registered,0.0,
res_partner_test_1773734201191_emp_test_employee,test.1773734201191@test.example.com,0,[TEST-1773734201191]-EMP Test Employee,[TEST-1773734201191]-EMP Test Employee,en_US,Asia/Colombo,,1,contact,,,,,0.0,0.0,test.1773734201191@test.example.com,,,seed_master_data_and_settings.company_jinasena_pvt_ltd,0,1,,,,,2026-03-17 07:56:53,,0,,0.0,no-message,0,0,no-message,no-message,no-message,automatic,VAT Not Registered,SVAT Nor Registered,0.0,
res_partner_test_1773734201191_emp_test_employee_cop,,0,[TEST-1773734201191]-EMP Test Employee (copy),[TEST-1773734201191]-EMP Test Employee (copy),en_US,Asia/Colombo,,1,contact,,,,,0.0,0.0,,,,seed_master_data_and_settings.company_jinasena_pvt_ltd,0,1,,,,,2026-03-17 07:56:53,,0,,0.0,no-message,0,0,no-message,no-message,no-message,automatic,VAT Not Registered,SVAT Nor Registered,0.0,
res_partner_test_1773734239605_emp_test_employee,test.1773734239605@test.example.com,0,[TEST-1773734239605]-EMP Test Employee,[TEST-1773734239605]-EMP Test Employee,en_US,Asia/Colombo,,1,contact,,,,,0.0,0.0,test.1773734239605@test.example.com,,,seed_master_data_and_settings.company_jinasena_pvt_ltd,0,1,,,,,2026-03-17 07:57:30,,0,,0.0,no-message,0,0,no-message,no-message,no-message,automatic,VAT Not Registered,SVAT Nor Registered,0.0,
res_partner_test_1773734239605_emp_test_employee_cop,,0,[TEST-1773734239605]-EMP Test Employee (copy),[TEST-1773734239605]-EMP Test Employee (copy),en_US,Asia/Colombo,,1,contact,,,,,0.0,0.0,,,,seed_master_data_and_settings.company_jinasena_pvt_ltd,0,1,,,,,2026-03-17 07:57:31,,0,,0.0,no-message,0,0,no-message,no-message,no-message,automatic,VAT Not Registered,SVAT Nor Registered,0.0,
res_partner_test_1773734508179_emp_test_employee,test.1773734508179@test.example.com,0,[TEST-1773734508179]-EMP Test Employee,[TEST-1773734508179]-EMP Test Employee,en_US,Asia/Colombo,,1,contact,,,,,0.0,0.0,test.1773734508179@test.example.com,,,seed_master_data_and_settings.company_jinasena_pvt_ltd,0,1,,,,,2026-03-17 08:01:59,,0,,0.0,no-message,0,0,no-message,no-message,no-message,automatic,VAT Not Registered,SVAT Nor Registered,0.0,
res_partner_test_1773734547571_emp_test_employee,test.1773734547571@test.example.com,0,[TEST-1773734547571]-EMP Test Employee,[TEST-1773734547571]-EMP Test Employee,en_US,Asia/Colombo,,1,contact,,,,,0.0,0.0,test.1773734547571@test.example.com,,,seed_master_data_and_settings.company_jinasena_pvt_ltd,0,1,,,,,2026-03-17 08:02:38,,0,,0.0,no-message,0,0,no-message,no-message,no-message,automatic,VAT Not Registered,SVAT Nor Registered,0.0,
res_partner_test_1773734587024_emp_test_employee,test.1773734587024@test.example.com,0,[TEST-1773734587024]-EMP Test Employee,[TEST-1773734587024]-EMP Test Employee,en_US,Asia/Colombo,,1,contact,,,,,0.0,0.0,test.1773734587024@test.example.com,,,seed_master_data_and_settings.company_jinasena_pvt_ltd,0,1,,,,,2026-03-17 08:03:18,,0,,0.0,no-message,0,0,no-message,no-message,no-message,automatic,VAT Not Registered,SVAT Nor Registered,0.0,
res_partner_test_1773734587024_emp_test_employee_cop,,0,[TEST-1773734587024]-EMP Test Employee (copy),[TEST-1773734587024]-EMP Test Employee (copy),en_US,Asia/Colombo,,1,contact,,,,,0.0,0.0,,,,seed_master_data_and_settings.company_jinasena_pvt_ltd,0,1,,,,,2026-03-17 08:03:19,,0,,0.0,no-message,0,0,no-message,no-message,no-message,automatic,VAT Not Registered,SVAT Nor Registered,0.0,
res_partner_test_1773734604993_emp_test_employee,test.1773734604993@test.example.com,0,[TEST-1773734604993]-EMP Test Employee,[TEST-1773734604993]-EMP Test Employee,en_US,Asia/Colombo,,1,contact,,,,,0.0,0.0,test.1773734604993@test.example.com,,,seed_master_data_and_settings.company_jinasena_pvt_ltd,0,1,,,,,2026-03-17 08:03:36,,0,,0.0,no-message,0,0,no-message,no-message,no-message,automatic,VAT Not Registered,SVAT Nor Registered,0.0,
res_partner_test_1773734604993_emp_test_employee_cop,,0,[TEST-1773734604993]-EMP Test Employee (copy),[TEST-1773734604993]-EMP Test Employee (copy),en_US,Asia/Colombo,,1,contact,,,,,0.0,0.0,,,,seed_master_data_and_settings.company_jinasena_pvt_ltd,0,1,,,,,2026-03-17 08:03:37,,0,,0.0,no-message,0,0,no-message,no-message,no-message,automatic,VAT Not Registered,SVAT Nor Registered,0.0,
res_partner_test_1773734934608_emp_test_employee,test.1773734934608@test.example.com,0,[TEST-1773734934608]-EMP Test Employee,[TEST-1773734934608]-EMP Test Employee,en_US,Asia/Colombo,,1,contact,,,,,0.0,0.0,test.1773734934608@test.example.com,,,seed_master_data_and_settings.company_jinasena_pvt_ltd,0,1,,,,,2026-03-17 08:09:05,,0,,0.0,no-message,0,0,no-message,no-message,no-message,automatic,VAT Not Registered,SVAT Nor Registered,0.0,
res_partner_test_1773734973366_emp_test_employee,test.1773734973366@test.example.com,0,[TEST-1773734973366]-EMP Test Employee,[TEST-1773734973366]-EMP Test Employee,en_US,Asia/Colombo,,1,contact,,,,,0.0,0.0,test.1773734973366@test.example.com,,,seed_master_data_and_settings.company_jinasena_pvt_ltd,0,1,,,,,2026-03-17 08:09:44,,0,,0.0,no-message,0,0,no-message,no-message,no-message,automatic,VAT Not Registered,SVAT Nor Registered,0.0,
res_partner_test_1773735012853_emp_test_employee,test.1773735012853@test.example.com,0,[TEST-1773735012853]-EMP Test Employee,[TEST-1773735012853]-EMP Test Employee,en_US,Asia/Colombo,,1,contact,,,,,0.0,0.0,test.1773735012853@test.example.com,,,seed_master_data_and_settings.company_jinasena_pvt_ltd,0,1,,,,,2026-03-17 08:10:24,,0,,0.0,no-message,0,0,no-message,no-message,no-message,automatic,VAT Not Registered,SVAT Nor Registered,0.0,
res_partner_test_1773735012853_emp_test_employee_cop,,0,[TEST-1773735012853]-EMP Test Employee (copy),[TEST-1773735012853]-EMP Test Employee (copy),en_US,Asia/Colombo,,1,contact,,,,,0.0,0.0,,,,seed_master_data_and_settings.company_jinasena_pvt_ltd,0,1,,,,,2026-03-17 08:10:26,,0,,0.0,no-message,0,0,no-message,no-message,no-message,automatic,VAT Not Registered,SVAT Nor Registered,0.0,
res_partner_test_1773735124481_emp_test_employee,test.1773735124481@test.example.com,0,[TEST-1773735124481]-EMP Test Employee,[TEST-1773735124481]-EMP Test Employee,en_US,Asia/Colombo,,1,contact,,,,,0.0,0.0,test.1773735124481@test.example.com,,,seed_master_data_and_settings.company_jinasena_pvt_ltd,0,1,,,,,2026-03-17 08:12:15,,0,,0.0,no-message,0,0,no-message,no-message,no-message,automatic,VAT Not Registered,SVAT Nor Registered,0.0,
res_partner_test_1773735168188_emp_test_employee,test.1773735168188@test.example.com,0,[TEST-1773735168188]-EMP Test Employee,[TEST-1773735168188]-EMP Test Employee,en_US,Asia/Colombo,,1,contact,,,,,0.0,0.0,test.1773735168188@test.example.com,,,seed_master_data_and_settings.company_jinasena_pvt_ltd,0,1,,,,,2026-03-17 08:12:59,,0,,0.0,no-message,0,0,no-message,no-message,no-message,automatic,VAT Not Registered,SVAT Nor Registered,0.0,
res_partner_test_1773735303435_emp_test_employee,test.1773735303435@test.example.com,0,[TEST-1773735303435]-EMP Test Employee,[TEST-1773735303435]-EMP Test Employee,en_US,Asia/Colombo,,1,contact,,,,,0.0,0.0,test.1773735303435@test.example.com,,,seed_master_data_and_settings.company_jinasena_pvt_ltd,0,1,,,,,2026-03-17 08:15:14,,0,,0.0,no-message,0,0,no-message,no-message,no-message,automatic,VAT Not Registered,SVAT Nor Registered,0.0,
res_partner_test_1773735342673_emp_test_employee,test.1773735342673@test.example.com,0,[TEST-1773735342673]-EMP Test Employee,[TEST-1773735342673]-EMP Test Employee,en_US,Asia/Colombo,,1,contact,,,,,0.0,0.0,test.1773735342673@test.example.com,,,seed_master_data_and_settings.company_jinasena_pvt_ltd,0,1,,,,,2026-03-17 08:15:53,,0,,0.0,no-message,0,0,no-message,no-message,no-message,automatic,VAT Not Registered,SVAT Nor Registered,0.0,
res_partner_test_1773735659547_emp_test_employee,test.1773735659547@test.example.com,0,[TEST-1773735659547]-EMP Test Employee,[TEST-1773735659547]-EMP Test Employee,en_US,Asia/Colombo,,1,contact,,,,,0.0,0.0,test.1773735659547@test.example.com,,,seed_master_data_and_settings.company_jinasena_pvt_ltd,0,1,,,,,2026-03-17 08:21:11,,0,,0.0,no-message,0,0,no-message,no-message,no-message,automatic,VAT Not Registered,SVAT Nor Registered,0.0,
res_partner_test_1773735670227_emp_test_employee,test.1773735670227@test.example.com,0,[TEST-1773735670227]-EMP Test Employee,[TEST-1773735670227]-EMP Test Employee,en_US,Asia/Colombo,,1,contact,,,,,0.0,0.0,test.1773735670227@test.example.com,,,seed_master_data_and_settings.company_jinasena_pvt_ltd,0,1,,,,,2026-03-17 08:21:21,,0,,0.0,no-message,0,0,no-message,no-message,no-message,automatic,VAT Not Registered,SVAT Nor Registered,0.0,
res_partner_test_1773735713181_emp_test_employee,test.1773735713181@test.example.com,0,[TEST-1773735713181]-EMP Test Employee,[TEST-1773735713181]-EMP Test Employee,en_US,Asia/Colombo,,1,contact,,,,,0.0,0.0,test.1773735713181@test.example.com,,,seed_master_data_and_settings.company_jinasena_pvt_ltd,0,1,,,,,2026-03-17 08:22:04,,0,,0.0,no-message,0,0,no-message,no-message,no-message,automatic,VAT Not Registered,SVAT Nor Registered,0.0,
res_partner_test_1773806486569_emp_test_employee,test.1773806486569@test.example.com,0,[TEST-1773806486569]-EMP Test Employee,[TEST-1773806486569]-EMP Test Employee,en_US,Asia/Colombo,,1,contact,,,,,0.0,0.0,test.1773806486569@test.example.com,,,seed_master_data_and_settings.company_jinasena_pvt_ltd,0,1,,,,,2026-03-18 04:01:40,,0,,0.0,no-message,0,0,no-message,no-message,no-message,automatic,VAT Not Registered,SVAT Nor Registered,0.0,
res_partner_test_1773806530506_emp_test_employee,test.1773806530506@test.example.com,0,[TEST-1773806530506]-EMP Test Employee,[TEST-1773806530506]-EMP Test Employee,en_US,Asia/Colombo,,1,contact,,,,,0.0,0.0,test.1773806530506@test.example.com,,,seed_master_data_and_settings.company_jinasena_pvt_ltd,0,1,,,,,2026-03-18 04:02:24,,0,,0.0,no-message,0,0,no-message,no-message,no-message,automatic,VAT Not Registered,SVAT Nor Registered,0.0,
res_partner_test_1773806703727_emp_test_employee,test.1773806703727@test.example.com,0,[TEST-1773806703727]-EMP Test Employee,[TEST-1773806703727]-EMP Test Employee,en_US,Asia/Colombo,,1,contact,,,,,0.0,0.0,test.1773806703727@test.example.com,,,seed_master_data_and_settings.company_jinasena_pvt_ltd,0,1,,,,,2026-03-18 04:05:17,,0,,0.0,no-message,0,0,no-message,no-message,no-message,automatic,VAT Not Registered,SVAT Nor Registered,0.0,
res_partner_test_1773806747624_emp_test_employee,test.1773806747624@test.example.com,0,[TEST-1773806747624]-EMP Test Employee,[TEST-1773806747624]-EMP Test Employee,en_US,Asia/Colombo,,1,contact,,,,,0.0,0.0,test.1773806747624@test.example.com,,,seed_master_data_and_settings.company_jinasena_pvt_ltd,0,1,,,,,2026-03-18 04:06:01,,0,,0.0,no-message,0,0,no-message,no-message,no-message,automatic,VAT Not Registered,SVAT Nor Registered,0.0,
res_partner_test_1773806986830_emp_test_employee,test.1773806986830@test.example.com,0,[TEST-1773806986830]-EMP Test Employee,[TEST-1773806986830]-EMP Test Employee,en_US,Asia/Colombo,,1,contact,,,,,0.0,0.0,test.1773806986830@test.example.com,,,seed_master_data_and_settings.company_jinasena_pvt_ltd,0,1,,,,,2026-03-18 04:10:00,,0,,0.0,no-message,0,0,no-message,no-message,no-message,automatic,VAT Not Registered,SVAT Nor Registered,0.0,
res_partner_test_1773807026912_emp_test_employee,test.1773807026912@test.example.com,0,[TEST-1773807026912]-EMP Test Employee,[TEST-1773807026912]-EMP Test Employee,en_US,Asia/Colombo,,1,contact,,,,,0.0,0.0,test.1773807026912@test.example.com,,,seed_master_data_and_settings.company_jinasena_pvt_ltd,0,1,,,,,2026-03-18 04:10:40,,0,,0.0,no-message,0,0,no-message,no-message,no-message,automatic,VAT Not Registered,SVAT Nor Registered,0.0,
res_partner_test_1773807149157_emp_test_employee,test.1773807149157@test.example.com,0,[TEST-1773807149157]-EMP Test Employee,[TEST-1773807149157]-EMP Test Employee,en_US,Asia/Colombo,,1,contact,,,,,0.0,0.0,test.1773807149157@test.example.com,,,seed_master_data_and_settings.company_jinasena_pvt_ltd,0,1,,,,,2026-03-18 04:12:42,,0,,0.0,no-message,0,0,no-message,no-message,no-message,automatic,VAT Not Registered,SVAT Nor Registered,0.0,
res_partner_test_1773807189014_emp_test_employee,test.1773807189014@test.example.com,0,[TEST-1773807189014]-EMP Test Employee,[TEST-1773807189014]-EMP Test Employee,en_US,Asia/Colombo,,1,contact,,,,,0.0,0.0,test.1773807189014@test.example.com,,,seed_master_data_and_settings.company_jinasena_pvt_ltd,0,1,,,,,2026-03-18 04:13:22,,0,,0.0,no-message,0,0,no-message,no-message,no-message,automatic,VAT Not Registered,SVAT Nor Registered,0.0,
res_partner_test_1773815723774_emp_test_employee,test.1773815723774@test.example.com,0,[TEST-1773815723774]-EMP Test Employee,[TEST-1773815723774]-EMP Test Employee,en_US,Asia/Colombo,,1,contact,,,,,0.0,0.0,test.1773815723774@test.example.com,,,seed_master_data_and_settings.company_jinasena_pvt_ltd,0,1,,,,,2026-03-18 06:35:38,,0,,0.0,no-message,0,0,no-message,no-message,no-message,automatic,VAT Not Registered,SVAT Nor Registered,0.0,
res_partner_test_1773815986369_emp_test_employee,test.1773815986369@test.example.com,0,[TEST-1773815986369]-EMP Test Employee,[TEST-1773815986369]-EMP Test Employee,en_US,Asia/Colombo,,1,contact,,,,,0.0,0.0,test.1773815986369@test.example.com,,,seed_master_data_and_settings.company_jinasena_pvt_ltd,0,1,,,,,2026-03-18 06:40:00,,0,,0.0,no-message,0,0,no-message,no-message,no-message,automatic,VAT Not Registered,SVAT Nor Registered,0.0,
res_partner_test_1773816034767_emp_test_employee,test.1773816034767@test.example.com,0,[TEST-1773816034767]-EMP Test Employee,[TEST-1773816034767]-EMP Test Employee,en_US,Asia/Colombo,,1,contact,,,,,0.0,0.0,test.1773816034767@test.example.com,,,seed_master_data_and_settings.company_jinasena_pvt_ltd,0,1,,,,,2026-03-18 06:40:48,,0,,0.0,no-message,0,0,no-message,no-message,no-message,automatic,VAT Not Registered,SVAT Nor Registered,0.0,
res_partner_test_1773816185455_emp_test_employee,test.1773816185455@test.example.com,0,[TEST-1773816185455]-EMP Test Employee,[TEST-1773816185455]-EMP Test Employee,en_US,Asia/Colombo,,1,contact,,,,,0.0,0.0,test.1773816185455@test.example.com,,,seed_master_data_and_settings.company_jinasena_pvt_ltd,0,1,,,,,2026-03-18 06:43:19,,0,,0.0,no-message,0,0,no-message,no-message,no-message,automatic,VAT Not Registered,SVAT Nor Registered,0.0,
res_partner_test_1773816573235_emp_test_employee,test.1773816573235@test.example.com,0,[TEST-1773816573235]-EMP Test Employee,[TEST-1773816573235]-EMP Test Employee,en_US,Asia/Colombo,,1,contact,,,,,0.0,0.0,test.1773816573235@test.example.com,,,seed_master_data_and_settings.company_jinasena_pvt_ltd,0,1,,,,,2026-03-18 06:49:47,,0,,0.0,no-message,0,0,no-message,no-message,no-message,automatic,VAT Not Registered,SVAT Nor Registered,0.0,
res_partner_test_1773816767581_emp_test_employee,test.1773816767581@test.example.com,0,[TEST-1773816767581]-EMP Test Employee,[TEST-1773816767581]-EMP Test Employee,en_US,Asia/Colombo,,1,contact,,,,,0.0,0.0,test.1773816767581@test.example.com,,,seed_master_data_and_settings.company_jinasena_pvt_ltd,0,1,,,,,2026-03-18 06:53:01,,0,,0.0,no-message,0,0,no-message,no-message,no-message,automatic,VAT Not Registered,SVAT Nor Registered,0.0,
res_partner_test_1773816905156_emp_test_employee,test.1773816905156@test.example.com,0,[TEST-1773816905156]-EMP Test Employee,[TEST-1773816905156]-EMP Test Employee,en_US,Asia/Colombo,,1,contact,,,,,0.0,0.0,test.1773816905156@test.example.com,,,seed_master_data_and_settings.company_jinasena_pvt_ltd,0,1,,,,,2026-03-18 06:55:21,,0,,0.0,no-message,0,0,no-message,no-message,no-message,automatic,VAT Not Registered,SVAT Nor Registered,0.0,
res_partner_test_1773816928056_emp_test_employee,test.1773816928056@test.example.com,0,[TEST-1773816928056]-EMP Test Employee,[TEST-1773816928056]-EMP Test Employee,en_US,Asia/Colombo,,1,contact,,,,,0.0,0.0,test.1773816928056@test.example.com,,,seed_master_data_and_settings.company_jinasena_pvt_ltd,0,1,,,,,2026-03-18 06:55:42,,0,,0.0,no-message,0,0,no-message,no-message,no-message,automatic,VAT Not Registered,SVAT Nor Registered,0.0,
res_partner_test_1773816948631_emp_test_employee,test.1773816948631@test.example.com,0,[TEST-1773816948631]-EMP Test Employee,[TEST-1773816948631]-EMP Test Employee,en_US,Asia/Colombo,,1,contact,,,,,0.0,0.0,test.1773816948631@test.example.com,,,seed_master_data_and_settings.company_jinasena_pvt_ltd,0,1,,,,,2026-03-18 06:56:02,,0,,0.0,no-message,0,0,no-message,no-message,no-message,automatic,VAT Not Registered,SVAT Nor Registered,0.0,
res_partner_test_1773816986432_emp_test_employee,test.1773816986432@test.example.com,0,[TEST-1773816986432]-EMP Test Employee,[TEST-1773816986432]-EMP Test Employee,en_US,Asia/Colombo,,1,contact,,,,,0.0,0.0,test.1773816986432@test.example.com,,,seed_master_data_and_settings.company_jinasena_pvt_ltd,0,1,,,,,2026-03-18 06:56:40,,0,,0.0,no-message,0,0,no-message,no-message,no-message,automatic,VAT Not Registered,SVAT Nor Registered,0.0,
res_partner_test_1773817102495_emp_test_employee,test.1773817102495@test.example.com,0,[TEST-1773817102495]-EMP Test Employee,[TEST-1773817102495]-EMP Test Employee,en_US,Asia/Colombo,,1,contact,,,,,0.0,0.0,test.1773817102495@test.example.com,,,seed_master_data_and_settings.company_jinasena_pvt_ltd,0,1,,,,,2026-03-18 06:58:36,,0,,0.0,no-message,0,0,no-message,no-message,no-message,automatic,VAT Not Registered,SVAT Nor Registered,0.0,
res_partner_test_1773817352468_emp_test_employee,test.1773817352468@test.example.com,0,[TEST-1773817352468]-EMP Test Employee,[TEST-1773817352468]-EMP Test Employee,en_US,Asia/Colombo,,1,contact,,,,,0.0,0.0,test.1773817352468@test.example.com,,,seed_master_data_and_settings.company_jinasena_pvt_ltd,0,1,,,,,2026-03-18 07:02:47,,0,,0.0,no-message,0,0,no-message,no-message,no-message,automatic,VAT Not Registered,SVAT Nor Registered,0.0,
res_partner_test_1773817359795_emp_test_employee,test.1773817359795@test.example.com,0,[TEST-1773817359795]-EMP Test Employee,[TEST-1773817359795]-EMP Test Employee,en_US,Asia/Colombo,,1,contact,,,,,0.0,0.0,test.1773817359795@test.example.com,,,seed_master_data_and_settings.company_jinasena_pvt_ltd,0,1,,,,,2026-03-18 07:02:53,,0,,0.0,no-message,0,0,no-message,no-message,no-message,automatic,VAT Not Registered,SVAT Nor Registered,0.0,
res_partner_test_1773817398654_emp_test_employee,test.1773817398654@test.example.com,0,[TEST-1773817398654]-EMP Test Employee,[TEST-1773817398654]-EMP Test Employee,en_US,Asia/Colombo,,1,contact,,,,,0.0,0.0,test.1773817398654@test.example.com,,,seed_master_data_and_settings.company_jinasena_pvt_ltd,0,1,,,,,2026-03-18 07:03:32,,0,,0.0,no-message,0,0,no-message,no-message,no-message,automatic,VAT Not Registered,SVAT Nor Registered,0.0,
res_partner_test_1773817500539_emp_test_employee,test.1773817500539@test.example.com,0,[TEST-1773817500539]-EMP Test Employee,[TEST-1773817500539]-EMP Test Employee,en_US,Asia/Colombo,,1,contact,,,,,0.0,0.0,test.1773817500539@test.example.com,,,seed_master_data_and_settings.company_jinasena_pvt_ltd,0,1,,,,,2026-03-18 07:05:14,,0,,0.0,no-message,0,0,no-message,no-message,no-message,automatic,VAT Not Registered,SVAT Nor Registered,0.0,
res_partner_test_1773817539813_emp_test_employee,test.1773817539813@test.example.com,0,[TEST-1773817539813]-EMP Test Employee,[TEST-1773817539813]-EMP Test Employee,en_US,Asia/Colombo,,1,contact,,,,,0.0,0.0,test.1773817539813@test.example.com,,,seed_master_data_and_settings.company_jinasena_pvt_ltd,0,1,,,,,2026-03-18 07:05:53,,0,,0.0,no-message,0,0,no-message,no-message,no-message,automatic,VAT Not Registered,SVAT Nor Registered,0.0,
res_partner_test_1773817917568_emp_test_employee,test.1773817917568@test.example.com,0,[TEST-1773817917568]-EMP Test Employee,[TEST-1773817917568]-EMP Test Employee,en_US,Asia/Colombo,,1,contact,,,,,0.0,0.0,test.1773817917568@test.example.com,,,seed_master_data_and_settings.company_jinasena_pvt_ltd,0,1,,,,,2026-03-18 07:12:11,,0,,0.0,no-message,0,0,no-message,no-message,no-message,automatic,VAT Not Registered,SVAT Nor Registered,0.0,
res_partner_test_1773818032419_emp_test_employee,test.1773818032419@test.example.com,0,[TEST-1773818032419]-EMP Test Employee,[TEST-1773818032419]-EMP Test Employee,en_US,Asia/Colombo,,1,contact,,,,,0.0,0.0,test.1773818032419@test.example.com,,,seed_master_data_and_settings.company_jinasena_pvt_ltd,0,1,,,,,2026-03-18 07:14:06,,0,,0.0,no-message,0,0,no-message,no-message,no-message,automatic,VAT Not Registered,SVAT Nor Registered,0.0,
res_partner_test_1773818260711_emp_test_employee,test.1773818260711@test.example.com,0,[TEST-1773818260711]-EMP Test Employee,[TEST-1773818260711]-EMP Test Employee,en_US,Asia/Colombo,,1,contact,,,,,0.0,0.0,test.1773818260711@test.example.com,,,seed_master_data_and_settings.company_jinasena_pvt_ltd,0,1,,,,,2026-03-18 07:17:54,,0,,0.0,no-message,0,0,no-message,no-message,no-message,automatic,VAT Not Registered,SVAT Nor Registered,0.0,
res_partner_test_1773818519564_emp_test_employee,test.1773818519564@test.example.com,0,[TEST-1773818519564]-EMP Test Employee,[TEST-1773818519564]-EMP Test Employee,en_US,Asia/Colombo,,1,contact,,,,,0.0,0.0,test.1773818519564@test.example.com,,,seed_master_data_and_settings.company_jinasena_pvt_ltd,0,1,,,,,2026-03-18 07:22:13,,0,,0.0,no-message,0,0,no-message,no-message,no-message,automatic,VAT Not Registered,SVAT Nor Registered,0.0,
res_partner_test_1773818694457_emp_test_employee,test.1773818694457@test.example.com,0,[TEST-1773818694457]-EMP Test Employee,[TEST-1773818694457]-EMP Test Employee,en_US,Asia/Colombo,,1,contact,,,,,0.0,0.0,test.1773818694457@test.example.com,,,seed_master_data_and_settings.company_jinasena_pvt_ltd,0,1,,,,,2026-03-18 07:25:08,,0,,0.0,no-message,0,0,no-message,no-message,no-message,automatic,VAT Not Registered,SVAT Nor Registered,0.0,
res_partner_test_1773818751317_emp_test_employee,test.1773818751317@test.example.com,0,[TEST-1773818751317]-EMP Test Employee,[TEST-1773818751317]-EMP Test Employee,en_US,Asia/Colombo,,1,contact,,,,,0.0,0.0,test.1773818751317@test.example.com,,,seed_master_data_and_settings.company_jinasena_pvt_ltd,0,1,,,,,2026-03-18 07:26:05,,0,,0.0,no-message,0,0,no-message,no-message,no-message,automatic,VAT Not Registered,SVAT Nor Registered,0.0,
res_partner_test_1773818882702_emp_test_employee,test.1773818882702@test.example.com,0,[TEST-1773818882702]-EMP Test Employee,[TEST-1773818882702]-EMP Test Employee,en_US,Asia/Colombo,,1,contact,,,,,0.0,0.0,test.1773818882702@test.example.com,,,seed_master_data_and_settings.company_jinasena_pvt_ltd,0,1,,,,,2026-03-18 07:28:16,,0,,0.0,no-message,0,0,no-message,no-message,no-message,automatic,VAT Not Registered,SVAT Nor Registered,0.0,
res_partner_test_1773819195248_emp_test_employee,test.1773819195248@test.example.com,0,[TEST-1773819195248]-EMP Test Employee,[TEST-1773819195248]-EMP Test Employee,en_US,Asia/Colombo,,1,contact,,,,,0.0,0.0,test.1773819195248@test.example.com,,,seed_master_data_and_settings.company_jinasena_pvt_ltd,0,1,,,,,2026-03-18 07:33:29,,0,,0.0,no-message,0,0,no-message,no-message,no-message,automatic,VAT Not Registered,SVAT Nor Registered,0.0,
res_partner_test_1773819316299_emp_test_employee,test.1773819316299@test.example.com,0,[TEST-1773819316299]-EMP Test Employee,[TEST-1773819316299]-EMP Test Employee,en_US,Asia/Colombo,,1,contact,,,,,0.0,0.0,test.1773819316299@test.example.com,,,seed_master_data_and_settings.company_jinasena_pvt_ltd,0,1,,,,,2026-03-18 07:35:30,,0,,0.0,no-message,0,0,no-message,no-message,no-message,automatic,VAT Not Registered,SVAT Nor Registered,0.0,
res_partner_test_1773819647451_emp_test_employee,test.1773819647451@test.example.com,0,[TEST-1773819647451]-EMP Test Employee,[TEST-1773819647451]-EMP Test Employee,en_US,Asia/Colombo,,1,contact,,,,,0.0,0.0,test.1773819647451@test.example.com,,,seed_master_data_and_settings.company_jinasena_pvt_ltd,0,1,,,,,2026-03-18 07:41:01,,0,,0.0,no-message,0,0,no-message,no-message,no-message,automatic,VAT Not Registered,SVAT Nor Registered,0.0,
res_partner_test_1773820020845_emp_test_employee,test.1773820020845@test.example.com,0,[TEST-1773820020845]-EMP Test Employee,[TEST-1773820020845]-EMP Test Employee,en_US,Asia/Colombo,,1,contact,,,,,0.0,0.0,test.1773820020845@test.example.com,,,seed_master_data_and_settings.company_jinasena_pvt_ltd,0,1,,,,,2026-03-18 07:47:14,,0,,0.0,no-message,0,0,no-message,no-message,no-message,automatic,VAT Not Registered,SVAT Nor Registered,0.0,
res_partner_test_1773820229241_emp_test_employee,test.1773820229241@test.example.com,0,[TEST-1773820229241]-EMP Test Employee,[TEST-1773820229241]-EMP Test Employee,en_US,Asia/Colombo,,1,contact,,,,,0.0,0.0,test.1773820229241@test.example.com,,,seed_master_data_and_settings.company_jinasena_pvt_ltd,0,1,,,,,2026-03-18 07:50:43,,0,,0.0,no-message,0,0,no-message,no-message,no-message,automatic,VAT Not Registered,SVAT Nor Registered,0.0,
res_partner_test_1773820304288_emp_test_employee,test.1773820304288@test.example.com,0,[TEST-1773820304288]-EMP Test Employee,[TEST-1773820304288]-EMP Test Employee,en_US,Asia/Colombo,,1,contact,,,,,0.0,0.0,test.1773820304288@test.example.com,,,seed_master_data_and_settings.company_jinasena_pvt_ltd,0,1,,,,,2026-03-18 07:51:58,,0,,0.0,no-message,0,0,no-message,no-message,no-message,automatic,VAT Not Registered,SVAT Nor Registered,0.0,
res_partner_test_1773820500699_emp_test_employee,test.1773820500699@test.example.com,0,[TEST-1773820500699]-EMP Test Employee,[TEST-1773820500699]-EMP Test Employee,en_US,Asia/Colombo,,1,contact,,,,,0.0,0.0,test.1773820500699@test.example.com,,,seed_master_data_and_settings.company_jinasena_pvt_ltd,0,1,,,,,2026-03-18 07:55:15,,0,,0.0,no-message,0,0,no-message,no-message,no-message,automatic,VAT Not Registered,SVAT Nor Registered,0.0,
res_partner_test_1773820781822_emp_test_employee,test.1773820781822@test.example.com,0,[TEST-1773820781822]-EMP Test Employee,[TEST-1773820781822]-EMP Test Employee,en_US,Asia/Colombo,,1,contact,,,,,0.0,0.0,test.1773820781822@test.example.com,,,seed_master_data_and_settings.company_jinasena_pvt_ltd,0,1,,,,,2026-03-18 07:59:55,,0,,0.0,no-message,0,0,no-message,no-message,no-message,automatic,VAT Not Registered,SVAT Nor Registered,0.0,
res_partner_test_1773820979559_emp_test_employee,test.1773820979559@test.example.com,0,[TEST-1773820979559]-EMP Test Employee,[TEST-1773820979559]-EMP Test Employee,en_US,Asia/Colombo,,1,contact,,,,,0.0,0.0,test.1773820979559@test.example.com,,,seed_master_data_and_settings.company_jinasena_pvt_ltd,0,1,,,,,2026-03-18 08:03:14,,0,,0.0,no-message,0,0,no-message,no-message,no-message,automatic,VAT Not Registered,SVAT Nor Registered,0.0,
res_partner_test_1773821174664_emp_test_employee,test.1773821174664@test.example.com,0,[TEST-1773821174664]-EMP Test Employee,[TEST-1773821174664]-EMP Test Employee,en_US,Asia/Colombo,,1,contact,,,,,0.0,0.0,test.1773821174664@test.example.com,,,seed_master_data_and_settings.company_jinasena_pvt_ltd,0,1,,,,,2026-03-18 08:06:28,,0,,0.0,no-message,0,0,no-message,no-message,no-message,automatic,VAT Not Registered,SVAT Nor Registered,0.0,
res_partner_test_1773821234231_emp_test_employee,test.1773821234231@test.example.com,0,[TEST-1773821234231]-EMP Test Employee,[TEST-1773821234231]-EMP Test Employee,en_US,Asia/Colombo,,1,contact,,,,,0.0,0.0,test.1773821234231@test.example.com,,,seed_master_data_and_settings.company_jinasena_pvt_ltd,0,1,,,,,2026-03-18 08:07:27,,0,,0.0,no-message,0,0,no-message,no-message,no-message,automatic,VAT Not Registered,SVAT Nor Registered,0.0,
res_partner_test_1773821263306_emp_test_employee,test.1773821263306@test.example.com,0,[TEST-1773821263306]-EMP Test Employee,[TEST-1773821263306]-EMP Test Employee,en_US,Asia/Colombo,,1,contact,,,,,0.0,0.0,test.1773821263306@test.example.com,,,seed_master_data_and_settings.company_jinasena_pvt_ltd,0,1,,,,,2026-03-18 08:07:56,,0,,0.0,no-message,0,0,no-message,no-message,no-message,automatic,VAT Not Registered,SVAT Nor Registered,0.0,
res_partner_test_1773821266435_emp_test_employee,test.1773821266435@test.example.com,0,[TEST-1773821266435]-EMP Test Employee,[TEST-1773821266435]-EMP Test Employee,en_US,Asia/Colombo,,1,contact,,,,,0.0,0.0,test.1773821266435@test.example.com,,,seed_master_data_and_settings.company_jinasena_pvt_ltd,0,1,,,,,2026-03-18 08:08:00,,0,,0.0,no-message,0,0,no-message,no-message,no-message,automatic,VAT Not Registered,SVAT Nor Registered,0.0,
res_partner_test_1773821270774_emp_test_employee,test.1773821270774@test.example.com,0,[TEST-1773821270774]-EMP Test Employee,[TEST-1773821270774]-EMP Test Employee,en_US,Asia/Colombo,,1,contact,,,,,0.0,0.0,test.1773821270774@test.example.com,,,seed_master_data_and_settings.company_jinasena_pvt_ltd,0,1,,,,,2026-03-18 08:08:05,,0,,0.0,no-message,0,0,no-message,no-message,no-message,automatic,VAT Not Registered,SVAT Nor Registered,0.0,
res_partner_test_1773821279185_emp_test_employee,test.1773821279185@test.example.com,0,[TEST-1773821279185]-EMP Test Employee,[TEST-1773821279185]-EMP Test Employee,en_US,Asia/Colombo,,1,contact,,,,,0.0,0.0,test.1773821279185@test.example.com,,,seed_master_data_and_settings.company_jinasena_pvt_ltd,0,1,,,,,2026-03-18 08:08:12,,0,,0.0,no-message,0,0,no-message,no-message,no-message,automatic,VAT Not Registered,SVAT Nor Registered,0.0,
res_partner_test_1773821285856_emp_test_employee,test.1773821285856@test.example.com,0,[TEST-1773821285856]-EMP Test Employee,[TEST-1773821285856]-EMP Test Employee,en_US,Asia/Colombo,,1,contact,,,,,0.0,0.0,test.1773821285856@test.example.com,,,seed_master_data_and_settings.company_jinasena_pvt_ltd,0,1,,,,,2026-03-18 08:08:19,,0,,0.0,no-message,0,0,no-message,no-message,no-message,automatic,VAT Not Registered,SVAT Nor Registered,0.0,
res_partner_test_1773821324533_emp_test_employee,test.1773821324533@test.example.com,0,[TEST-1773821324533]-EMP Test Employee,[TEST-1773821324533]-EMP Test Employee,en_US,Asia/Colombo,,1,contact,,,,,0.0,0.0,test.1773821324533@test.example.com,,,seed_master_data_and_settings.company_jinasena_pvt_ltd,0,1,,,,,2026-03-18 08:08:58,,0,,0.0,no-message,0,0,no-message,no-message,no-message,automatic,VAT Not Registered,SVAT Nor Registered,0.0,
res_partner_test_1773821337447_emp_test_employee,test.1773821337447@test.example.com,0,[TEST-1773821337447]-EMP Test Employee,[TEST-1773821337447]-EMP Test Employee,en_US,Asia/Colombo,,1,contact,,,,,0.0,0.0,test.1773821337447@test.example.com,,,seed_master_data_and_settings.company_jinasena_pvt_ltd,0,1,,,,,2026-03-18 08:09:11,,0,,0.0,no-message,0,0,no-message,no-message,no-message,automatic,VAT Not Registered,SVAT Nor Registered,0.0,
res_partner_test_1773821337447_emp_test_employee_cop,,0,[TEST-1773821337447]-EMP Test Employee (copy),[TEST-1773821337447]-EMP Test Employee (copy),en_US,Asia/Colombo,,1,contact,,,,,0.0,0.0,,,,seed_master_data_and_settings.company_jinasena_pvt_ltd,0,1,,,,,2026-03-18 08:09:12,,0,,0.0,no-message,0,0,no-message,no-message,no-message,automatic,VAT Not Registered,SVAT Nor Registered,0.0,
res_partner_test_1773821390939_dupname_duplicate_emp,test.1773821390939@test.example.com,0,[TEST-1773821390939]-DUPNAME Duplicate Employee,[TEST-1773821390939]-DUPNAME Duplicate Employee,en_US,Asia/Colombo,,1,contact,,,,,0.0,0.0,test.1773821390939@test.example.com,,,seed_master_data_and_settings.company_jinasena_pvt_ltd,0,1,,,,,2026-03-18 08:10:09,,0,,0.0,no-message,0,0,no-message,no-message,no-message,automatic,VAT Not Registered,SVAT Nor Registered,0.0,
res_partner_test_1773821390939_dupname_duplicate_emp_7024,test.1773821390939@test.example.com,0,[TEST-1773821390939]-DUPNAME Duplicate Employee,[TEST-1773821390939]-DUPNAME Duplicate Employee,en_US,Asia/Colombo,,1,contact,,,,,0.0,0.0,test.1773821390939@test.example.com,,,seed_master_data_and_settings.company_jinasena_pvt_ltd,0,1,,,,,2026-03-18 08:10:06,,0,,0.0,no-message,0,0,no-message,no-message,no-message,automatic,VAT Not Registered,SVAT Nor Registered,0.0,
res_partner_test_1773821390939_dupname_duplicate_emp_7023,test.1773821390939@test.example.com,0,[TEST-1773821390939]-DUPNAME Duplicate Employee,[TEST-1773821390939]-DUPNAME Duplicate Employee,en_US,Asia/Colombo,,1,contact,,,,,0.0,0.0,test.1773821390939@test.example.com,,,seed_master_data_and_settings.company_jinasena_pvt_ltd,0,1,,,,,2026-03-18 08:10:06,,0,,0.0,no-message,0,0,no-message,no-message,no-message,automatic,VAT Not Registered,SVAT Nor Registered,0.0,
res_partner_test_1773821406940_inv_email_test,,0,[TEST-1773821406940]-INV-EMAIL Test,[TEST-1773821406940]-INV-EMAIL Test,en_US,Asia/Colombo,,1,contact,,,,,0.0,0.0,not-a-valid-email,,,seed_master_data_and_settings.company_jinasena_pvt_ltd,0,1,,,,,2026-03-18 08:10:19,,0,,0.0,no-message,0,0,no-message,no-message,no-message,automatic,VAT Not Registered,SVAT Nor Registered,0.0,
res_partner_test_1773821416771_emp_test_employee,test.1773821416771@test.example.com,0,[TEST-1773821416771]-EMP Test Employee,[TEST-1773821416771]-EMP Test Employee,en_US,Asia/Colombo,,1,contact,,,,,0.0,0.0,test.1773821416771@test.example.com,,,seed_master_data_and_settings.company_jinasena_pvt_ltd,0,1,,,,,2026-03-18 08:10:32,,0,,0.0,no-message,0,0,no-message,no-message,no-message,automatic,VAT Not Registered,SVAT Nor Registered,0.0,
res_partner_test_1773821452780_emp_test_employee,test.1773821452780@test.example.com,0,[TEST-1773821452780]-EMP Test Employee,[TEST-1773821452780]-EMP Test Employee,en_US,Asia/Colombo,,1,contact,,,,,0.0,0.0,test.1773821452780@test.example.com,,,seed_master_data_and_settings.company_jinasena_pvt_ltd,0,1,,,,,2026-03-18 08:11:08,,0,,0.0,no-message,0,0,no-message,no-message,no-message,automatic,VAT Not Registered,SVAT Nor Registered,0.0,
res_partner_test_1773821459214_emp_test_employee,test.1773821459214@test.example.com,0,[TEST-1773821459214]-EMP Test Employee,[TEST-1773821459214]-EMP Test Employee,en_US,Asia/Colombo,,1,contact,,,,,0.0,0.0,test.1773821459214@test.example.com,,,seed_master_data_and_settings.company_jinasena_pvt_ltd,0,1,,,,,2026-03-18 08:11:15,,0,,0.0,no-message,0,0,no-message,no-message,no-message,automatic,VAT Not Registered,SVAT Nor Registered,0.0,
res_partner_test_1773821464945_longname_aaaaaaaaaaaa,,0,[TEST-1773821464945]-LONGNAME-AAAAAAAAAAAAAAAAAAAAAAAAAAAAAAAAAAAAAAAAAAAAAAAAAAAAAAAAAAAAAAAAAAAAAAAAAAAAAAAAAAAAAAAAAAAAAAAAAAAAAAAAAAAAAAAAAAAAAAAAAAAAAAAAAAAAAAAAAAAAAAAAAAAAAAAAAAAAAAAAAAAAAAAAAAAAAAAAAAAAAAAAAAAAAAAAAAAAAAAAAAAAAAAAAAAAAAAAAAAAAAAAAAAAAAAAAAAAAAAA,[TEST-1773821464945]-LONGNAME-AAAAAAAAAAAAAAAAAAAAAAAAAAAAAAAAAAAAAAAAAAAAAAAAAAAAAAAAAAAAAAAAAAAAAAAAAAAAAAAAAAAAAAAAAAAAAAAAAAAAAAAAAAAAAAAAAAAAAAAAAAAAAAAAAAAAAAAAAAAAAAAAAAAAAAAAAAAAAAAAAAAAAAAAAAAAAAAAAAAAAAAAAAAAAAAAAAAAAAAAAAAAAAAAAAAAAAAAAAAAAAAAAAAAAAAAAAAAAAAA,en_US,Asia/Colombo,,1,contact,,,,,0.0,0.0,,,,seed_master_data_and_settings.company_jinasena_pvt_ltd,0,1,,,,,2026-03-18 08:11:19,,0,,0.0,no-message,0,0,no-message,no-message,no-message,automatic,VAT Not Registered,SVAT Nor Registered,0.0,
res_partner_test_1773821499072_special_o_brien,test.1773821499072@test.example.com,0,[TEST-1773821499072]-SPECIAL O'Brien,[TEST-1773821499072]-SPECIAL O'Brien,en_US,Asia/Colombo,,1,contact,,,,,0.0,0.0,test.1773821499072@test.example.com,,,seed_master_data_and_settings.company_jinasena_pvt_ltd,0,1,,,,,2026-03-18 08:11:54,,0,,0.0,no-message,0,0,no-message,no-message,no-message,automatic,VAT Not Registered,SVAT Nor Registered,0.0,
res_partner_test_1773821505125_special_m_ller,test.1773821505125@test.example.com,0,[TEST-1773821505125]-SPECIAL Müller,[TEST-1773821505125]-SPECIAL Müller,en_US,Asia/Colombo,,1,contact,,,,,0.0,0.0,test.1773821505125@test.example.com,,,seed_master_data_and_settings.company_jinasena_pvt_ltd,0,1,,,,,2026-03-18 08:11:59,,0,,0.0,no-message,0,0,no-message,no-message,no-message,automatic,VAT Not Registered,SVAT Nor Registered,0.0,
res_partner_test_1773821509670_special,test.1773821509670@test.example.com,0,[TEST-1773821509670]-SPECIAL 李明,[TEST-1773821509670]-SPECIAL 李明,en_US,Asia/Colombo,,1,contact,,,,,0.0,0.0,test.1773821509670@test.example.com,,,seed_master_data_and_settings.company_jinasena_pvt_ltd,0,1,,,,,2026-03-18 08:12:04,,0,,0.0,no-message,0,0,no-message,no-message,no-message,automatic,VAT Not Registered,SVAT Nor Registered,0.0,
res_partner_test_1773821515752_xss_script_alert_1_sc,test.1773821515752@test.example.com,0,[TEST-1773821515752]-XSS <script>alert(1)</script>,[TEST-1773821515752]-XSS <script>alert(1)</script>,en_US,Asia/Colombo,,1,contact,,,,,0.0,0.0,test.1773821515752@test.example.com,,,seed_master_data_and_settings.company_jinasena_pvt_ltd,0,1,,,,,2026-03-18 08:12:11,,0,,0.0,no-message,0,0,no-message,no-message,no-message,automatic,VAT Not Registered,SVAT Nor Registered,0.0,
res_partner_test_1773821515752_xss_script_alert_1_sc_7034,test.1773821515752@test.example.com,0,[TEST-1773821515752]-XSS <script>alert(1)</script>,[TEST-1773821515752]-XSS <script>alert(1)</script>,en_US,Asia/Colombo,,1,contact,,,,,0.0,0.0,test.1773821515752@test.example.com,,,seed_master_data_and_settings.company_jinasena_pvt_ltd,0,1,,,,,2026-03-18 08:12:11,,0,,0.0,no-message,0,0,no-message,no-message,no-message,automatic,VAT Not Registered,SVAT Nor Registered,0.0,
res_partner_test_1773821571975_emp_test_employee,test.1773821571975@test.example.com,0,[TEST-1773821571975]-EMP Test Employee,[TEST-1773821571975]-EMP Test Employee,en_US,Asia/Colombo,,1,contact,,,,,0.0,0.0,test.1773821571975@test.example.com,,,seed_master_data_and_settings.company_jinasena_pvt_ltd,0,1,,,,,2026-03-18 08:13:04,,0,,0.0,no-message,0,0,no-message,no-message,no-message,automatic,VAT Not Registered,SVAT Nor Registered,0.0,
res_partner_test_1773821574602_emp_test_employee,test.1773821574602@test.example.com,0,[TEST-1773821574602]-EMP Test Employee,[TEST-1773821574602]-EMP Test Employee,en_US,Asia/Colombo,,1,contact,,,,,0.0,0.0,test.1773821574602@test.example.com,,,seed_master_data_and_settings.company_jinasena_pvt_ltd,0,1,,,,,2026-03-18 08:13:09,,0,,0.0,no-message,0,0,no-message,no-message,no-message,automatic,VAT Not Registered,SVAT Nor Registered,0.0,
res_partner_test_1773821579338_emp_test_employee,test.1773821579338@test.example.com,0,[TEST-1773821579338]-EMP Test Employee,[TEST-1773821579338]-EMP Test Employee,en_US,Asia/Colombo,,1,contact,,,,,0.0,0.0,test.1773821579338@test.example.com,,,seed_master_data_and_settings.company_jinasena_pvt_ltd,0,1,,,,,2026-03-18 08:13:13,,0,,0.0,no-message,0,0,no-message,no-message,no-message,automatic,VAT Not Registered,SVAT Nor Registered,0.0,
res_partner_test_1773821585689_emp_test_employee,test.1773821585689@test.example.com,0,[TEST-1773821585689]-EMP Test Employee,[TEST-1773821585689]-EMP Test Employee,en_US,Asia/Colombo,,1,contact,,,,,0.0,0.0,test.1773821585689@test.example.com,,,seed_master_data_and_settings.company_jinasena_pvt_ltd,0,1,,,,,2026-03-18 08:13:19,,0,,0.0,no-message,0,0,no-message,no-message,no-message,automatic,VAT Not Registered,SVAT Nor Registered,0.0,
res_partner_test_1773821592067_emp_test_employee,test.1773821592067@test.example.com,0,[TEST-1773821592067]-EMP Test Employee,[TEST-1773821592067]-EMP Test Employee,en_US,Asia/Colombo,,1,contact,,,,,0.0,0.0,test.1773821592067@test.example.com,,,seed_master_data_and_settings.company_jinasena_pvt_ltd,0,1,,,,,2026-03-18 08:13:25,,0,,0.0,no-message,0,0,no-message,no-message,no-message,automatic,VAT Not Registered,SVAT Nor Registered,0.0,
res_partner_test_1773821599872_emp_test_employee,test.1773821599872@test.example.com,0,[TEST-1773821599872]-EMP Test Employee,[TEST-1773821599872]-EMP Test Employee,en_US,Asia/Colombo,,1,contact,,,,,0.0,0.0,test.1773821599872@test.example.com,,,seed_master_data_and_settings.company_jinasena_pvt_ltd,0,1,,,,,2026-03-18 08:13:33,,0,,0.0,no-message,0,0,no-message,no-message,no-message,automatic,VAT Not Registered,SVAT Nor Registered,0.0,
res_partner_test_1773821611664_emp_test_employee,test.1773821611664@test.example.com,0,[TEST-1773821611664]-EMP Test Employee,[TEST-1773821611664]-EMP Test Employee,en_US,Asia/Colombo,,1,contact,,,,,0.0,0.0,test.1773821611664@test.example.com,,,seed_master_data_and_settings.company_jinasena_pvt_ltd,0,1,,,,,2026-03-18 08:13:45,,0,,0.0,no-message,0,0,no-message,no-message,no-message,automatic,VAT Not Registered,SVAT Nor Registered,0.0,
res_partner_test_1773821611664_emp_test_employee_cop,,0,[TEST-1773821611664]-EMP Test Employee (copy),[TEST-1773821611664]-EMP Test Employee (copy),en_US,Asia/Colombo,,1,contact,,,,,0.0,0.0,,,,seed_master_data_and_settings.company_jinasena_pvt_ltd,0,1,,,,,2026-03-18 08:13:46,,0,,0.0,no-message,0,0,no-message,no-message,no-message,automatic,VAT Not Registered,SVAT Nor Registered,0.0,
res_partner_test_1773821665664_dupname_duplicate_emp,test.1773821665664@test.example.com,0,[TEST-1773821665664]-DUPNAME Duplicate Employee,[TEST-1773821665664]-DUPNAME Duplicate Employee,en_US,Asia/Colombo,,1,contact,,,,,0.0,0.0,test.1773821665664@test.example.com,,,seed_master_data_and_settings.company_jinasena_pvt_ltd,0,1,,,,,2026-03-18 08:14:44,,0,,0.0,no-message,0,0,no-message,no-message,no-message,automatic,VAT Not Registered,SVAT Nor Registered,0.0,
res_partner_test_1773821665664_dupname_duplicate_emp_7045,test.1773821665664@test.example.com,0,[TEST-1773821665664]-DUPNAME Duplicate Employee,[TEST-1773821665664]-DUPNAME Duplicate Employee,en_US,Asia/Colombo,,1,contact,,,,,0.0,0.0,test.1773821665664@test.example.com,,,seed_master_data_and_settings.company_jinasena_pvt_ltd,0,1,,,,,2026-03-18 08:14:41,,0,,0.0,no-message,0,0,no-message,no-message,no-message,automatic,VAT Not Registered,SVAT Nor Registered,0.0,
res_partner_test_1773821665664_dupname_duplicate_emp_7044,test.1773821665664@test.example.com,0,[TEST-1773821665664]-DUPNAME Duplicate Employee,[TEST-1773821665664]-DUPNAME Duplicate Employee,en_US,Asia/Colombo,,1,contact,,,,,0.0,0.0,test.1773821665664@test.example.com,,,seed_master_data_and_settings.company_jinasena_pvt_ltd,0,1,,,,,2026-03-18 08:14:41,,0,,0.0,no-message,0,0,no-message,no-message,no-message,automatic,VAT Not Registered,SVAT Nor Registered,0.0,
res_partner_test_1773821681344_inv_email_test,,0,[TEST-1773821681344]-INV-EMAIL Test,[TEST-1773821681344]-INV-EMAIL Test,en_US,Asia/Colombo,,1,contact,,,,,0.0,0.0,not-a-valid-email,,,seed_master_data_and_settings.company_jinasena_pvt_ltd,0,1,,,,,2026-03-18 08:14:53,,0,,0.0,no-message,0,0,no-message,no-message,no-message,automatic,VAT Not Registered,SVAT Nor Registered,0.0,
res_partner_test_1773821691141_emp_test_employee,test.1773821691141@test.example.com,0,[TEST-1773821691141]-EMP Test Employee,[TEST-1773821691141]-EMP Test Employee,en_US,Asia/Colombo,,1,contact,,,,,0.0,0.0,test.1773821691141@test.example.com,,,seed_master_data_and_settings.company_jinasena_pvt_ltd,0,1,,,,,2026-03-18 08:15:07,,0,,0.0,no-message,0,0,no-message,no-message,no-message,automatic,VAT Not Registered,SVAT Nor Registered,0.0,
res_partner_test_1773821727350_emp_test_employee,test.1773821727350@test.example.com,0,[TEST-1773821727350]-EMP Test Employee,[TEST-1773821727350]-EMP Test Employee,en_US,Asia/Colombo,,1,contact,,,,,0.0,0.0,test.1773821727350@test.example.com,,,seed_master_data_and_settings.company_jinasena_pvt_ltd,0,1,,,,,2026-03-18 08:15:42,,0,,0.0,no-message,0,0,no-message,no-message,no-message,automatic,VAT Not Registered,SVAT Nor Registered,0.0,
res_partner_test_1773821733210_emp_test_employee,test.1773821733210@test.example.com,0,[TEST-1773821733210]-EMP Test Employee,[TEST-1773821733210]-EMP Test Employee,en_US,Asia/Colombo,,1,contact,,,,,0.0,0.0,test.1773821733210@test.example.com,,,seed_master_data_and_settings.company_jinasena_pvt_ltd,0,1,,,,,2026-03-18 08:15:48,,0,,0.0,no-message,0,0,no-message,no-message,no-message,automatic,VAT Not Registered,SVAT Nor Registered,0.0,
res_partner_test_1773821738850_longname_aaaaaaaaaaaa,,0,[TEST-1773821738850]-LONGNAME-AAAAAAAAAAAAAAAAAAAAAAAAAAAAAAAAAAAAAAAAAAAAAAAAAAAAAAAAAAAAAAAAAAAAAAAAAAAAAAAAAAAAAAAAAAAAAAAAAAAAAAAAAAAAAAAAAAAAAAAAAAAAAAAAAAAAAAAAAAAAAAAAAAAAAAAAAAAAAAAAAAAAAAAAAAAAAAAAAAAAAAAAAAAAAAAAAAAAAAAAAAAAAAAAAAAAAAAAAAAAAAAAAAAAAAAAAAAAAAAA,[TEST-1773821738850]-LONGNAME-AAAAAAAAAAAAAAAAAAAAAAAAAAAAAAAAAAAAAAAAAAAAAAAAAAAAAAAAAAAAAAAAAAAAAAAAAAAAAAAAAAAAAAAAAAAAAAAAAAAAAAAAAAAAAAAAAAAAAAAAAAAAAAAAAAAAAAAAAAAAAAAAAAAAAAAAAAAAAAAAAAAAAAAAAAAAAAAAAAAAAAAAAAAAAAAAAAAAAAAAAAAAAAAAAAAAAAAAAAAAAAAAAAAAAAAAAAAAAAAA,en_US,Asia/Colombo,,1,contact,,,,,0.0,0.0,,,,seed_master_data_and_settings.company_jinasena_pvt_ltd,0,1,,,,,2026-03-18 08:15:53,,0,,0.0,no-message,0,0,no-message,no-message,no-message,automatic,VAT Not Registered,SVAT Nor Registered,0.0,
res_partner_test_1773821773781_special_o_brien,test.1773821773781@test.example.com,0,[TEST-1773821773781]-SPECIAL O'Brien,[TEST-1773821773781]-SPECIAL O'Brien,en_US,Asia/Colombo,,1,contact,,,,,0.0,0.0,test.1773821773781@test.example.com,,,seed_master_data_and_settings.company_jinasena_pvt_ltd,0,1,,,,,2026-03-18 08:16:29,,0,,0.0,no-message,0,0,no-message,no-message,no-message,automatic,VAT Not Registered,SVAT Nor Registered,0.0,
res_partner_test_1773821779606_special_m_ller,test.1773821779606@test.example.com,0,[TEST-1773821779606]-SPECIAL Müller,[TEST-1773821779606]-SPECIAL Müller,en_US,Asia/Colombo,,1,contact,,,,,0.0,0.0,test.1773821779606@test.example.com,,,seed_master_data_and_settings.company_jinasena_pvt_ltd,0,1,,,,,2026-03-18 08:16:34,,0,,0.0,no-message,0,0,no-message,no-message,no-message,automatic,VAT Not Registered,SVAT Nor Registered,0.0,
res_partner_test_1773821784783_special,test.1773821784783@test.example.com,0,[TEST-1773821784783]-SPECIAL 李明,[TEST-1773821784783]-SPECIAL 李明,en_US,Asia/Colombo,,1,contact,,,,,0.0,0.0,test.1773821784783@test.example.com,,,seed_master_data_and_settings.company_jinasena_pvt_ltd,0,1,,,,,2026-03-18 08:16:39,,0,,0.0,no-message,0,0,no-message,no-message,no-message,automatic,VAT Not Registered,SVAT Nor Registered,0.0,
res_partner_test_1773821790379_xss_script_alert_1_sc,test.1773821790379@test.example.com,0,[TEST-1773821790379]-XSS <script>alert(1)</script>,[TEST-1773821790379]-XSS <script>alert(1)</script>,en_US,Asia/Colombo,,1,contact,,,,,0.0,0.0,test.1773821790379@test.example.com,,,seed_master_data_and_settings.company_jinasena_pvt_ltd,0,1,,,,,2026-03-18 08:16:46,,0,,0.0,no-message,0,0,no-message,no-message,no-message,automatic,VAT Not Registered,SVAT Nor Registered,0.0,
res_partner_test_1773821790379_xss_script_alert_1_sc_7055,test.1773821790379@test.example.com,0,[TEST-1773821790379]-XSS <script>alert(1)</script>,[TEST-1773821790379]-XSS <script>alert(1)</script>,en_US,Asia/Colombo,,1,contact,,,,,0.0,0.0,test.1773821790379@test.example.com,,,seed_master_data_and_settings.company_jinasena_pvt_ltd,0,1,,,,,2026-03-18 08:16:46,,0,,0.0,no-message,0,0,no-message,no-message,no-message,automatic,VAT Not Registered,SVAT Nor Registered,0.0,
res_partner_test_1773821921396_emp_test_employee,test.1773821921396@test.example.com,0,[TEST-1773821921396]-EMP Test Employee,[TEST-1773821921396]-EMP Test Employee,en_US,Asia/Colombo,,1,contact,,,,,0.0,0.0,test.1773821921396@test.example.com,,,seed_master_data_and_settings.company_jinasena_pvt_ltd,0,1,,,,,2026-03-18 08:18:55,,0,,0.0,no-message,0,0,no-message,no-message,no-message,automatic,VAT Not Registered,SVAT Nor Registered,0.0,
res_partner_test_1773821925519_emp_test_employee,test.1773821925519@test.example.com,0,[TEST-1773821925519]-EMP Test Employee,[TEST-1773821925519]-EMP Test Employee,en_US,Asia/Colombo,,1,contact,,,,,0.0,0.0,test.1773821925519@test.example.com,,,seed_master_data_and_settings.company_jinasena_pvt_ltd,0,1,,,,,2026-03-18 08:18:59,,0,,0.0,no-message,0,0,no-message,no-message,no-message,automatic,VAT Not Registered,SVAT Nor Registered,0.0,
res_partner_test_1773821931585_emp_test_employee,test.1773821931585@test.example.com,0,[TEST-1773821931585]-EMP Test Employee,[TEST-1773821931585]-EMP Test Employee,en_US,Asia/Colombo,,1,contact,,,,,0.0,0.0,test.1773821931585@test.example.com,,,seed_master_data_and_settings.company_jinasena_pvt_ltd,0,1,,,,,2026-03-18 08:19:05,,0,,0.0,no-message,0,0,no-message,no-message,no-message,automatic,VAT Not Registered,SVAT Nor Registered,0.0,
res_partner_test_1773821938026_emp_test_employee,test.1773821938026@test.example.com,0,[TEST-1773821938026]-EMP Test Employee,[TEST-1773821938026]-EMP Test Employee,en_US,Asia/Colombo,,1,contact,,,,,0.0,0.0,test.1773821938026@test.example.com,,,seed_master_data_and_settings.company_jinasena_pvt_ltd,0,1,,,,,2026-03-18 08:19:11,,0,,0.0,no-message,0,0,no-message,no-message,no-message,automatic,VAT Not Registered,SVAT Nor Registered,0.0,
res_partner_test_1773821944723_emp_test_employee,test.1773821944723@test.example.com,0,[TEST-1773821944723]-EMP Test Employee,[TEST-1773821944723]-EMP Test Employee,en_US,Asia/Colombo,,1,contact,,,,,0.0,0.0,test.1773821944723@test.example.com,,,seed_master_data_and_settings.company_jinasena_pvt_ltd,0,1,,,,,2026-03-18 08:19:18,,0,,0.0,no-message,0,0,no-message,no-message,no-message,automatic,VAT Not Registered,SVAT Nor Registered,0.0,
res_partner_test_1773821956760_emp_test_employee,test.1773821956760@test.example.com,0,[TEST-1773821956760]-EMP Test Employee,[TEST-1773821956760]-EMP Test Employee,en_US,Asia/Colombo,,1,contact,,,,,0.0,0.0,test.1773821956760@test.example.com,,,seed_master_data_and_settings.company_jinasena_pvt_ltd,0,1,,,,,2026-03-18 08:19:30,,0,,0.0,no-message,0,0,no-message,no-message,no-message,automatic,VAT Not Registered,SVAT Nor Registered,0.0,
res_partner_test_1773821956760_emp_test_employee_cop,,0,[TEST-1773821956760]-EMP Test Employee (copy),[TEST-1773821956760]-EMP Test Employee (copy),en_US,Asia/Colombo,,1,contact,,,,,0.0,0.0,,,,seed_master_data_and_settings.company_jinasena_pvt_ltd,0,1,,,,,2026-03-18 08:19:31,,0,,0.0,no-message,0,0,no-message,no-message,no-message,automatic,VAT Not Registered,SVAT Nor Registered,0.0,
res_partner_test_1773822012344_dupname_duplicate_emp,test.1773822012344@test.example.com,0,[TEST-1773822012344]-DUPNAME Duplicate Employee,[TEST-1773822012344]-DUPNAME Duplicate Employee,en_US,Asia/Colombo,,1,contact,,,,,0.0,0.0,test.1773822012344@test.example.com,,,seed_master_data_and_settings.company_jinasena_pvt_ltd,0,1,,,,,2026-03-18 08:20:31,,0,,0.0,no-message,0,0,no-message,no-message,no-message,automatic,VAT Not Registered,SVAT Nor Registered,0.0,
res_partner_test_1773822012344_dupname_duplicate_emp_7064,test.1773822012344@test.example.com,0,[TEST-1773822012344]-DUPNAME Duplicate Employee,[TEST-1773822012344]-DUPNAME Duplicate Employee,en_US,Asia/Colombo,,1,contact,,,,,0.0,0.0,test.1773822012344@test.example.com,,,seed_master_data_and_settings.company_jinasena_pvt_ltd,0,1,,,,,2026-03-18 08:20:28,,0,,0.0,no-message,0,0,no-message,no-message,no-message,automatic,VAT Not Registered,SVAT Nor Registered,0.0,
res_partner_test_1773822028346_inv_email_test,,0,[TEST-1773822028346]-INV-EMAIL Test,[TEST-1773822028346]-INV-EMAIL Test,en_US,Asia/Colombo,,1,contact,,,,,0.0,0.0,not-a-valid-email,,,seed_master_data_and_settings.company_jinasena_pvt_ltd,0,1,,,,,2026-03-18 08:20:41,,0,,0.0,no-message,0,0,no-message,no-message,no-message,automatic,VAT Not Registered,SVAT Nor Registered,0.0,
res_partner_test_1773822038612_emp_test_employee,test.1773822038612@test.example.com,0,[TEST-1773822038612]-EMP Test Employee,[TEST-1773822038612]-EMP Test Employee,en_US,Asia/Colombo,,1,contact,,,,,0.0,0.0,test.1773822038612@test.example.com,,,seed_master_data_and_settings.company_jinasena_pvt_ltd,0,1,,,,,2026-03-18 08:20:54,,0,,0.0,no-message,0,0,no-message,no-message,no-message,automatic,VAT Not Registered,SVAT Nor Registered,0.0,
res_partner_test_1773822074326_emp_test_employee,test.1773822074326@test.example.com,0,[TEST-1773822074326]-EMP Test Employee,[TEST-1773822074326]-EMP Test Employee,en_US,Asia/Colombo,,1,contact,,,,,0.0,0.0,test.1773822074326@test.example.com,,,seed_master_data_and_settings.company_jinasena_pvt_ltd,0,1,,,,,2026-03-18 08:21:30,,0,,0.0,no-message,0,0,no-message,no-message,no-message,automatic,VAT Not Registered,SVAT Nor Registered,0.0,
res_partner_test_1773822080976_emp_test_employee,test.1773822080976@test.example.com,0,[TEST-1773822080976]-EMP Test Employee,[TEST-1773822080976]-EMP Test Employee,en_US,Asia/Colombo,,1,contact,,,,,0.0,0.0,test.1773822080976@test.example.com,,,seed_master_data_and_settings.company_jinasena_pvt_ltd,0,1,,,,,2026-03-18 08:21:36,,0,,0.0,no-message,0,0,no-message,no-message,no-message,automatic,VAT Not Registered,SVAT Nor Registered,0.0,
res_partner_test_1773822086223_longname_aaaaaaaaaaaa,,0,[TEST-1773822086223]-LONGNAME-AAAAAAAAAAAAAAAAAAAAAAAAAAAAAAAAAAAAAAAAAAAAAAAAAAAAAAAAAAAAAAAAAAAAAAAAAAAAAAAAAAAAAAAAAAAAAAAAAAAAAAAAAAAAAAAAAAAAAAAAAAAAAAAAAAAAAAAAAAAAAAAAAAAAAAAAAAAAAAAAAAAAAAAAAAAAAAAAAAAAAAAAAAAAAAAAAAAAAAAAAAAAAAAAAAAAAAAAAAAAAAAAAAAAAAAAAAAAAAAA,[TEST-1773822086223]-LONGNAME-AAAAAAAAAAAAAAAAAAAAAAAAAAAAAAAAAAAAAAAAAAAAAAAAAAAAAAAAAAAAAAAAAAAAAAAAAAAAAAAAAAAAAAAAAAAAAAAAAAAAAAAAAAAAAAAAAAAAAAAAAAAAAAAAAAAAAAAAAAAAAAAAAAAAAAAAAAAAAAAAAAAAAAAAAAAAAAAAAAAAAAAAAAAAAAAAAAAAAAAAAAAAAAAAAAAAAAAAAAAAAAAAAAAAAAAAAAAAAAAA,en_US,Asia/Colombo,,1,contact,,,,,0.0,0.0,,,,seed_master_data_and_settings.company_jinasena_pvt_ltd,0,1,,,,,2026-03-18 08:21:40,,0,,0.0,no-message,0,0,no-message,no-message,no-message,automatic,VAT Not Registered,SVAT Nor Registered,0.0,
res_partner_test_1773822120480_special_o_brien,test.1773822120480@test.example.com,0,[TEST-1773822120480]-SPECIAL O'Brien,[TEST-1773822120480]-SPECIAL O'Brien,en_US,Asia/Colombo,,1,contact,,,,,0.0,0.0,test.1773822120480@test.example.com,,,seed_master_data_and_settings.company_jinasena_pvt_ltd,0,1,,,,,2026-03-18 08:22:16,,0,,0.0,no-message,0,0,no-message,no-message,no-message,automatic,VAT Not Registered,SVAT Nor Registered,0.0,
res_partner_test_1773822126770_special_m_ller,test.1773822126770@test.example.com,0,[TEST-1773822126770]-SPECIAL Müller,[TEST-1773822126770]-SPECIAL Müller,en_US,Asia/Colombo,,1,contact,,,,,0.0,0.0,test.1773822126770@test.example.com,,,seed_master_data_and_settings.company_jinasena_pvt_ltd,0,1,,,,,2026-03-18 08:22:21,,0,,0.0,no-message,0,0,no-message,no-message,no-message,automatic,VAT Not Registered,SVAT Nor Registered,0.0,
res_partner_test_1773822130933_special,test.1773822130933@test.example.com,0,[TEST-1773822130933]-SPECIAL 李明,[TEST-1773822130933]-SPECIAL 李明,en_US,Asia/Colombo,,1,contact,,,,,0.0,0.0,test.1773822130933@test.example.com,,,seed_master_data_and_settings.company_jinasena_pvt_ltd,0,1,,,,,2026-03-18 08:22:25,,0,,0.0,no-message,0,0,no-message,no-message,no-message,automatic,VAT Not Registered,SVAT Nor Registered,0.0,
res_partner_test_1773822136323_xss_script_alert_1_sc,test.1773822136323@test.example.com,0,[TEST-1773822136323]-XSS <script>alert(1)</script>,[TEST-1773822136323]-XSS <script>alert(1)</script>,en_US,Asia/Colombo,,1,contact,,,,,0.0,0.0,test.1773822136323@test.example.com,,,seed_master_data_and_settings.company_jinasena_pvt_ltd,0,1,,,,,2026-03-18 08:22:31,,0,,0.0,no-message,0,0,no-message,no-message,no-message,automatic,VAT Not Registered,SVAT Nor Registered,0.0,
res_partner_test_1773822860916_dupname_duplicate_emp,test.1773822860916@test.example.com,0,[TEST-1773822860916]-DUPNAME Duplicate Employee,[TEST-1773822860916]-DUPNAME Duplicate Employee,en_US,Asia/Colombo,,1,contact,,,,,0.0,0.0,test.1773822860916@test.example.com,,,seed_master_data_and_settings.company_jinasena_pvt_ltd,0,1,,,,,2026-03-18 08:34:40,,0,,0.0,no-message,0,0,no-message,no-message,no-message,automatic,VAT Not Registered,SVAT Nor Registered,0.0,
res_partner_test_1773822860916_dupname_duplicate_emp_7077,test.1773822860916@test.example.com,0,[TEST-1773822860916]-DUPNAME Duplicate Employee,[TEST-1773822860916]-DUPNAME Duplicate Employee,en_US,Asia/Colombo,,1,contact,,,,,0.0,0.0,test.1773822860916@test.example.com,,,seed_master_data_and_settings.company_jinasena_pvt_ltd,0,1,,,,,2026-03-18 08:34:39,,0,,0.0,no-message,0,0,no-message,no-message,no-message,automatic,VAT Not Registered,SVAT Nor Registered,0.0,
res_partner_test_1773822860916_dupname_duplicate_emp_7076,test.1773822860916@test.example.com,0,[TEST-1773822860916]-DUPNAME Duplicate Employee,[TEST-1773822860916]-DUPNAME Duplicate Employee,en_US,Asia/Colombo,,1,contact,,,,,0.0,0.0,test.1773822860916@test.example.com,,,seed_master_data_and_settings.company_jinasena_pvt_ltd,0,1,,,,,2026-03-18 08:34:36,,0,,0.0,no-message,0,0,no-message,no-message,no-message,automatic,VAT Not Registered,SVAT Nor Registered,0.0,
res_partner_test_1773822877547_inv_email_test,,0,[TEST-1773822877547]-INV-EMAIL Test,[TEST-1773822877547]-INV-EMAIL Test,en_US,Asia/Colombo,,1,contact,,,,,0.0,0.0,not-a-valid-email,,,seed_master_data_and_settings.company_jinasena_pvt_ltd,0,1,,,,,2026-03-18 08:34:49,,0,,0.0,no-message,0,0,no-message,no-message,no-message,automatic,VAT Not Registered,SVAT Nor Registered,0.0,
res_partner_test_1773822879905_emp_test_employee,test.1773822879906@test.example.com,0,[TEST-1773822879905]-EMP Test Employee,[TEST-1773822879905]-EMP Test Employee,en_US,Asia/Colombo,,1,contact,,,,,0.0,0.0,test.1773822879906@test.example.com,,,seed_master_data_and_settings.company_jinasena_pvt_ltd,0,1,,,,,2026-03-18 08:34:55,,0,,0.0,no-message,0,0,no-message,no-message,no-message,automatic,VAT Not Registered,SVAT Nor Registered,0.0,
res_partner_test_1773822932974_emp_test_employee,test.1773822932974@test.example.com,0,[TEST-1773822932974]-EMP Test Employee,[TEST-1773822932974]-EMP Test Employee,en_US,Asia/Colombo,,1,contact,,,,,0.0,0.0,test.1773822932974@test.example.com,,,seed_master_data_and_settings.company_jinasena_pvt_ltd,0,1,,,,,2026-03-18 08:35:49,,0,,0.0,no-message,0,0,no-message,no-message,no-message,automatic,VAT Not Registered,SVAT Nor Registered,0.0,
res_partner_test_1773823362843_emp_test_employee,,0,[TEST-1773823362843]-EMP Test Employee,[TEST-1773823362843]-EMP Test Employee,en_US,Asia/Colombo,,1,contact,,,,,0.0,0.0,,,,seed_master_data_and_settings.company_jinasena_pvt_ltd,0,1,,,,,2026-03-18 08:42:59,,0,,0.0,no-message,0,0,no-message,no-message,no-message,automatic,VAT Not Registered,SVAT Nor Registered,0.0,
res_partner_test_1773823362843_emp_test_employee_7082,test.1773823362843@test.example.com,0,[TEST-1773823362843]-EMP Test Employee,[TEST-1773823362843]-EMP Test Employee,en_US,Asia/Colombo,,1,contact,,,,,0.0,0.0,test.1773823362843@test.example.com,,,seed_master_data_and_settings.company_jinasena_pvt_ltd,0,1,,,,,2026-03-18 08:42:58,,0,,0.0,no-message,0,0,no-message,no-message,no-message,automatic,VAT Not Registered,SVAT Nor Registered,0.0,
res_partner_test_1773823394115_emp_test_employee,test.1773823394115@test.example.com,0,[TEST-1773823394115]-EMP Test Employee,[TEST-1773823394115]-EMP Test Employee,en_US,Asia/Colombo,,1,contact,,,,,0.0,0.0,test.1773823394115@test.example.com,,,seed_master_data_and_settings.company_jinasena_pvt_ltd,0,1,,,,,2026-03-18 08:43:28,,0,,0.0,no-message,0,0,no-message,no-message,no-message,automatic,VAT Not Registered,SVAT Nor Registered,0.0,
res_partner_test_1773823398781_emp_test_employee,test.1773823398781@test.example.com,0,[TEST-1773823398781]-EMP Test Employee,[TEST-1773823398781]-EMP Test Employee,en_US,Asia/Colombo,,1,contact,,,,,0.0,0.0,test.1773823398781@test.example.com,,,seed_master_data_and_settings.company_jinasena_pvt_ltd,0,1,,,,,2026-03-18 08:43:33,,0,,0.0,no-message,0,0,no-message,no-message,no-message,automatic,VAT Not Registered,SVAT Nor Registered,0.0,
res_partner_test_1773823405867_emp_test_employee,test.1773823405867@test.example.com,0,[TEST-1773823405867]-EMP Test Employee,[TEST-1773823405867]-EMP Test Employee,en_US,Asia/Colombo,,1,contact,,,,,0.0,0.0,test.1773823405867@test.example.com,,,seed_master_data_and_settings.company_jinasena_pvt_ltd,0,1,,,,,2026-03-18 08:43:39,,0,,0.0,no-message,0,0,no-message,no-message,no-message,automatic,VAT Not Registered,SVAT Nor Registered,0.0,
res_partner_test_1773823412243_emp_test_employee,test.1773823412243@test.example.com,0,[TEST-1773823412243]-EMP Test Employee,[TEST-1773823412243]-EMP Test Employee,en_US,Asia/Colombo,,1,contact,,,,,0.0,0.0,test.1773823412243@test.example.com,,,seed_master_data_and_settings.company_jinasena_pvt_ltd,0,1,,,,,2026-03-18 08:43:46,,0,,0.0,no-message,0,0,no-message,no-message,no-message,automatic,VAT Not Registered,SVAT Nor Registered,0.0,
res_partner_test_1773823419873_emp_test_employee,test.1773823419873@test.example.com,0,[TEST-1773823419873]-EMP Test Employee,[TEST-1773823419873]-EMP Test Employee,en_US,Asia/Colombo,,1,contact,,,,,0.0,0.0,test.1773823419873@test.example.com,,,seed_master_data_and_settings.company_jinasena_pvt_ltd,0,1,,,,,2026-03-18 08:43:53,,0,,0.0,no-message,0,0,no-message,no-message,no-message,automatic,VAT Not Registered,SVAT Nor Registered,0.0,
res_partner_test_1773823433717_emp_test_employee,test.1773823433717@test.example.com,0,[TEST-1773823433717]-EMP Test Employee,[TEST-1773823433717]-EMP Test Employee,en_US,Asia/Colombo,,1,contact,,,,,0.0,0.0,test.1773823433717@test.example.com,,,seed_master_data_and_settings.company_jinasena_pvt_ltd,0,1,,,,,2026-03-18 08:44:08,,0,,0.0,no-message,0,0,no-message,no-message,no-message,automatic,VAT Not Registered,SVAT Nor Registered,0.0,
res_partner_test_1773823433717_emp_test_employee_cop,,0,[TEST-1773823433717]-EMP Test Employee (copy),[TEST-1773823433717]-EMP Test Employee (copy),en_US,Asia/Colombo,,1,contact,,,,,0.0,0.0,,,,seed_master_data_and_settings.company_jinasena_pvt_ltd,0,1,,,,,2026-03-18 08:44:09,,0,,0.0,no-message,0,0,no-message,no-message,no-message,automatic,VAT Not Registered,SVAT Nor Registered,0.0,
res_partner_test_1773823485507_dupname_duplicate_emp,test.1773823485507@test.example.com,0,[TEST-1773823485507]-DUPNAME Duplicate Employee,[TEST-1773823485507]-DUPNAME Duplicate Employee,en_US,Asia/Colombo,,1,contact,,,,,0.0,0.0,test.1773823485507@test.example.com,,,seed_master_data_and_settings.company_jinasena_pvt_ltd,0,1,,,,,2026-03-18 08:45:04,,0,,0.0,no-message,0,0,no-message,no-message,no-message,automatic,VAT Not Registered,SVAT Nor Registered,0.0,
res_partner_test_1773823485507_dupname_duplicate_emp_7093,test.1773823485507@test.example.com,0,[TEST-1773823485507]-DUPNAME Duplicate Employee,[TEST-1773823485507]-DUPNAME Duplicate Employee,en_US,Asia/Colombo,,1,contact,,,,,0.0,0.0,test.1773823485507@test.example.com,,,seed_master_data_and_settings.company_jinasena_pvt_ltd,0,1,,,,,2026-03-18 08:45:03,,0,,0.0,no-message,0,0,no-message,no-message,no-message,automatic,VAT Not Registered,SVAT Nor Registered,0.0,
res_partner_test_1773823485507_dupname_duplicate_emp_7092,test.1773823485507@test.example.com,0,[TEST-1773823485507]-DUPNAME Duplicate Employee,[TEST-1773823485507]-DUPNAME Duplicate Employee,en_US,Asia/Colombo,,1,contact,,,,,0.0,0.0,test.1773823485507@test.example.com,,,seed_master_data_and_settings.company_jinasena_pvt_ltd,0,1,,,,,2026-03-18 08:45:01,,0,,0.0,no-message,0,0,no-message,no-message,no-message,automatic,VAT Not Registered,SVAT Nor Registered,0.0,
res_partner_test_1773823504685_inv_email_test,,0,[TEST-1773823504685]-INV-EMAIL Test,[TEST-1773823504685]-INV-EMAIL Test,en_US,Asia/Colombo,,1,contact,,,,,0.0,0.0,not-a-valid-email,,,seed_master_data_and_settings.company_jinasena_pvt_ltd,0,1,,,,,2026-03-18 08:45:16,,0,,0.0,no-message,0,0,no-message,no-message,no-message,automatic,VAT Not Registered,SVAT Nor Registered,0.0,
res_partner_test_1773823507133_emp_test_employee,test.1773823507133@test.example.com,0,[TEST-1773823507133]-EMP Test Employee,[TEST-1773823507133]-EMP Test Employee,en_US,Asia/Colombo,,1,contact,,,,,0.0,0.0,test.1773823507133@test.example.com,,,seed_master_data_and_settings.company_jinasena_pvt_ltd,0,1,,,,,2026-03-18 08:45:22,,0,,0.0,no-message,0,0,no-message,no-message,no-message,automatic,VAT Not Registered,SVAT Nor Registered,0.0,
res_partner_test_1773823514461_emp_test_employee,test.1773823514461@test.example.com,0,[TEST-1773823514461]-EMP Test Employee,[TEST-1773823514461]-EMP Test Employee,en_US,Asia/Colombo,,1,contact,,,,,0.0,0.0,test.1773823514461@test.example.com,,,seed_master_data_and_settings.company_jinasena_pvt_ltd,0,1,,,,,2026-03-18 08:45:30,,0,,0.0,no-message,0,0,no-message,no-message,no-message,automatic,VAT Not Registered,SVAT Nor Registered,0.0,
res_partner_test_1773823520638_emp_test_employee,test.1773823520638@test.example.com,0,[TEST-1773823520638]-EMP Test Employee,[TEST-1773823520638]-EMP Test Employee,en_US,Asia/Colombo,,1,contact,,,,,0.0,0.0,test.1773823520638@test.example.com,,,seed_master_data_and_settings.company_jinasena_pvt_ltd,0,1,,,,,2026-03-18 08:45:36,,0,,0.0,no-message,0,0,no-message,no-message,no-message,automatic,VAT Not Registered,SVAT Nor Registered,0.0,
res_partner_test_1773823526293_longname_aaaaaaaaaaaa,,0,[TEST-1773823526293]-LONGNAME-AAAAAAAAAAAAAAAAAAAAAAAAAAAAAAAAAAAAAAAAAAAAAAAAAAAAAAAAAAAAAAAAAAAAAAAAAAAAAAAAAAAAAAAAAAAAAAAAAAAAAAAAAAAAAAAAAAAAAAAAAAAAAAAAAAAAAAAAAAAAAAAAAAAAAAAAAAAAAAAAAAAAAAAAAAAAAAAAAAAAAAAAAAAAAAAAAAAAAAAAAAAAAAAAAAAAAAAAAAAAAAAAAAAAAAAAAAAAAAAA,[TEST-1773823526293]-LONGNAME-AAAAAAAAAAAAAAAAAAAAAAAAAAAAAAAAAAAAAAAAAAAAAAAAAAAAAAAAAAAAAAAAAAAAAAAAAAAAAAAAAAAAAAAAAAAAAAAAAAAAAAAAAAAAAAAAAAAAAAAAAAAAAAAAAAAAAAAAAAAAAAAAAAAAAAAAAAAAAAAAAAAAAAAAAAAAAAAAAAAAAAAAAAAAAAAAAAAAAAAAAAAAAAAAAAAAAAAAAAAAAAAAAAAAAAAAAAAAAAAA,en_US,Asia/Colombo,,1,contact,,,,,0.0,0.0,,,,seed_master_data_and_settings.company_jinasena_pvt_ltd,0,1,,,,,2026-03-18 08:45:40,,0,,0.0,no-message,0,0,no-message,no-message,no-message,automatic,VAT Not Registered,SVAT Nor Registered,0.0,
res_partner_test_1773823560745_special_o_brien,test.1773823560745@test.example.com,0,[TEST-1773823560745]-SPECIAL O'Brien,[TEST-1773823560745]-SPECIAL O'Brien,en_US,Asia/Colombo,,1,contact,,,,,0.0,0.0,test.1773823560745@test.example.com,,,seed_master_data_and_settings.company_jinasena_pvt_ltd,0,1,,,,,2026-03-18 08:46:16,,0,,0.0,no-message,0,0,no-message,no-message,no-message,automatic,VAT Not Registered,SVAT Nor Registered,0.0,
res_partner_test_1773823567033_special_m_ller,test.1773823567033@test.example.com,0,[TEST-1773823567033]-SPECIAL Müller,[TEST-1773823567033]-SPECIAL Müller,en_US,Asia/Colombo,,1,contact,,,,,0.0,0.0,test.1773823567033@test.example.com,,,seed_master_data_and_settings.company_jinasena_pvt_ltd,0,1,,,,,2026-03-18 08:46:22,,0,,0.0,no-message,0,0,no-message,no-message,no-message,automatic,VAT Not Registered,SVAT Nor Registered,0.0,
res_partner_test_1773823573010_special,test.1773823573010@test.example.com,0,[TEST-1773823573010]-SPECIAL 李明,[TEST-1773823573010]-SPECIAL 李明,en_US,Asia/Colombo,,1,contact,,,,,0.0,0.0,test.1773823573010@test.example.com,,,seed_master_data_and_settings.company_jinasena_pvt_ltd,0,1,,,,,2026-03-18 08:46:28,,0,,0.0,no-message,0,0,no-message,no-message,no-message,automatic,VAT Not Registered,SVAT Nor Registered,0.0,
res_partner_test_1773823579455_xss_script_alert_1_sc,test.1773823579455@test.example.com,0,[TEST-1773823579455]-XSS <script>alert(1)</script>,[TEST-1773823579455]-XSS <script>alert(1)</script>,en_US,Asia/Colombo,,1,contact,,,,,0.0,0.0,test.1773823579455@test.example.com,,,seed_master_data_and_settings.company_jinasena_pvt_ltd,0,1,,,,,2026-03-18 08:46:37,,0,,0.0,no-message,0,0,no-message,no-message,no-message,automatic,VAT Not Registered,SVAT Nor Registered,0.0,
res_partner_test_1773823579455_xss_script_alert_1_sc_7104,test.1773823579455@test.example.com,0,[TEST-1773823579455]-XSS <script>alert(1)</script>,[TEST-1773823579455]-XSS <script>alert(1)</script>,en_US,Asia/Colombo,,1,contact,,,,,0.0,0.0,test.1773823579455@test.example.com,,,seed_master_data_and_settings.company_jinasena_pvt_ltd,0,1,,,,,2026-03-18 08:46:35,,0,,0.0,no-message,0,0,no-message,no-message,no-message,automatic,VAT Not Registered,SVAT Nor Registered,0.0,
res_partner_test_1773826634697_apr_emp_appraisal_tes,test.1773826634697@test.example.com,0,[TEST-1773826634697]-APR-EMP Appraisal Test Employee,[TEST-1773826634697]-APR-EMP Appraisal Test Employee,en_US,Asia/Colombo,,1,contact,,,,,0.0,0.0,test.1773826634697@test.example.com,,,seed_master_data_and_settings.company_jinasena_pvt_ltd,0,1,,,,,2026-03-18 09:37:30,,0,,0.0,no-message,0,0,no-message,no-message,no-message,automatic,VAT Not Registered,SVAT Nor Registered,0.0,
res_partner_test_1773826645888_att_emp_attendance_em,test.1773826645888@test.example.com,0,[TEST-1773826645888]-ATT-EMP Attendance Employee,[TEST-1773826645888]-ATT-EMP Attendance Employee,en_US,Asia/Colombo,,1,contact,,,,,0.0,0.0,test.1773826645888@test.example.com,,,seed_master_data_and_settings.company_jinasena_pvt_ltd,0,1,,,,,2026-03-18 09:37:41,,0,,0.0,no-message,0,0,no-message,no-message,no-message,automatic,VAT Not Registered,SVAT Nor Registered,0.0,
res_partner_test_1773826668748_att_emp_attendance_em,test.1773826668748@test.example.com,0,[TEST-1773826668748]-ATT-EMP Attendance Employee,[TEST-1773826668748]-ATT-EMP Attendance Employee,en_US,Asia/Colombo,,1,contact,,,,,0.0,0.0,test.1773826668748@test.example.com,,,seed_master_data_and_settings.company_jinasena_pvt_ltd,0,1,,,,,2026-03-18 09:38:05,,0,,0.0,no-message,0,0,no-message,no-message,no-message,automatic,VAT Not Registered,SVAT Nor Registered,0.0,
res_partner_test_1773826708520_att_emp_attendance_em,test.1773826708520@test.example.com,0,[TEST-1773826708520]-ATT-EMP Attendance Employee,[TEST-1773826708520]-ATT-EMP Attendance Employee,en_US,Asia/Colombo,,1,contact,,,,,0.0,0.0,test.1773826708520@test.example.com,,,seed_master_data_and_settings.company_jinasena_pvt_ltd,0,1,,,,,2026-03-18 09:38:44,,0,,0.0,no-message,0,0,no-message,no-message,no-message,automatic,VAT Not Registered,SVAT Nor Registered,0.0,
res_partner_test_1773826731916_att_emp_attendance_em,test.1773826731916@test.example.com,0,[TEST-1773826731916]-ATT-EMP Attendance Employee,[TEST-1773826731916]-ATT-EMP Attendance Employee,en_US,Asia/Colombo,,1,contact,,,,,0.0,0.0,test.1773826731916@test.example.com,,,seed_master_data_and_settings.company_jinasena_pvt_ltd,0,1,,,,,2026-03-18 09:39:08,,0,,0.0,no-message,0,0,no-message,no-message,no-message,automatic,VAT Not Registered,SVAT Nor Registered,0.0,
res_partner_test_1773826756538_att_emp_attendance_em,test.1773826756538@test.example.com,0,[TEST-1773826756538]-ATT-EMP Attendance Employee,[TEST-1773826756538]-ATT-EMP Attendance Employee,en_US,Asia/Colombo,,1,contact,,,,,0.0,0.0,test.1773826756538@test.example.com,,,seed_master_data_and_settings.company_jinasena_pvt_ltd,0,1,,,,,2026-03-18 09:39:32,,0,,0.0,no-message,0,0,no-message,no-message,no-message,automatic,VAT Not Registered,SVAT Nor Registered,0.0,
res_partner_test_1773826781406_att_emp_attendance_em,test.1773826781406@test.example.com,0,[TEST-1773826781406]-ATT-EMP Attendance Employee,[TEST-1773826781406]-ATT-EMP Attendance Employee,en_US,Asia/Colombo,,1,contact,,,,,0.0,0.0,test.1773826781406@test.example.com,,,seed_master_data_and_settings.company_jinasena_pvt_ltd,0,1,,,,,2026-03-18 09:39:58,,0,,0.0,no-message,0,0,no-message,no-message,no-message,automatic,VAT Not Registered,SVAT Nor Registered,0.0,
res_partner_test_1773826844774_att_edge_attendance_e,test.1773826844774@test.example.com,0,[TEST-1773826844774]-ATT-EDGE Attendance Edge Employee,[TEST-1773826844774]-ATT-EDGE Attendance Edge Employee,en_US,Asia/Colombo,,1,contact,,,,,0.0,0.0,test.1773826844774@test.example.com,,,seed_master_data_and_settings.company_jinasena_pvt_ltd,0,1,,,,,2026-03-18 09:41:00,,0,,0.0,no-message,0,0,no-message,no-message,no-message,automatic,VAT Not Registered,SVAT Nor Registered,0.0,
res_partner_test_1773826878542_att_edge_attendance_e,test.1773826878542@test.example.com,0,[TEST-1773826878542]-ATT-EDGE Attendance Edge Employee,[TEST-1773826878542]-ATT-EDGE Attendance Edge Employee,en_US,Asia/Colombo,,1,contact,,,,,0.0,0.0,test.1773826878542@test.example.com,,,seed_master_data_and_settings.company_jinasena_pvt_ltd,0,1,,,,,2026-03-18 09:41:34,,0,,0.0,no-message,0,0,no-message,no-message,no-message,automatic,VAT Not Registered,SVAT Nor Registered,0.0,
res_partner_test_1773826939772_apr_emp_appraisal_tes,test.1773826939772@test.example.com,0,[TEST-1773826939772]-APR-EMP Appraisal Test Employee,[TEST-1773826939772]-APR-EMP Appraisal Test Employee,en_US,Asia/Colombo,,1,contact,,,,,0.0,0.0,test.1773826939772@test.example.com,,,seed_master_data_and_settings.company_jinasena_pvt_ltd,0,1,,,,,2026-03-18 09:42:35,,0,,0.0,no-message,0,0,no-message,no-message,no-message,automatic,VAT Not Registered,SVAT Nor Registered,0.0,
res_partner_test_1773826949291_att_emp_attendance_em,test.1773826949291@test.example.com,0,[TEST-1773826949291]-ATT-EMP Attendance Employee,[TEST-1773826949291]-ATT-EMP Attendance Employee,en_US,Asia/Colombo,,1,contact,,,,,0.0,0.0,test.1773826949291@test.example.com,,,seed_master_data_and_settings.company_jinasena_pvt_ltd,0,1,,,,,2026-03-18 09:42:45,,0,,0.0,no-message,0,0,no-message,no-message,no-message,automatic,VAT Not Registered,SVAT Nor Registered,0.0,
res_partner_test_1773826972049_att_emp_attendance_em,test.1773826972049@test.example.com,0,[TEST-1773826972049]-ATT-EMP Attendance Employee,[TEST-1773826972049]-ATT-EMP Attendance Employee,en_US,Asia/Colombo,,1,contact,,,,,0.0,0.0,test.1773826972049@test.example.com,,,seed_master_data_and_settings.company_jinasena_pvt_ltd,0,1,,,,,2026-03-18 09:43:08,,0,,0.0,no-message,0,0,no-message,no-message,no-message,automatic,VAT Not Registered,SVAT Nor Registered,0.0,
res_partner_test_1773826995915_att_emp_attendance_em,test.1773826995915@test.example.com,0,[TEST-1773826995915]-ATT-EMP Attendance Employee,[TEST-1773826995915]-ATT-EMP Attendance Employee,en_US,Asia/Colombo,,1,contact,,,,,0.0,0.0,test.1773826995915@test.example.com,,,seed_master_data_and_settings.company_jinasena_pvt_ltd,0,1,,,,,2026-03-18 09:43:32,,0,,0.0,no-message,0,0,no-message,no-message,no-message,automatic,VAT Not Registered,SVAT Nor Registered,0.0,
res_partner_test_1773827018702_att_emp_attendance_em,test.1773827018702@test.example.com,0,[TEST-1773827018702]-ATT-EMP Attendance Employee,[TEST-1773827018702]-ATT-EMP Attendance Employee,en_US,Asia/Colombo,,1,contact,,,,,0.0,0.0,test.1773827018702@test.example.com,,,seed_master_data_and_settings.company_jinasena_pvt_ltd,0,1,,,,,2026-03-18 09:43:54,,0,,0.0,no-message,0,0,no-message,no-message,no-message,automatic,VAT Not Registered,SVAT Nor Registered,0.0,
res_partner_test_1773827041834_att_emp_attendance_em,test.1773827041834@test.example.com,0,[TEST-1773827041834]-ATT-EMP Attendance Employee,[TEST-1773827041834]-ATT-EMP Attendance Employee,en_US,Asia/Colombo,,1,contact,,,,,0.0,0.0,test.1773827041834@test.example.com,,,seed_master_data_and_settings.company_jinasena_pvt_ltd,0,1,,,,,2026-03-18 09:44:18,,0,,0.0,no-message,0,0,no-message,no-message,no-message,automatic,VAT Not Registered,SVAT Nor Registered,0.0,
res_partner_test_1773827066958_att_emp_attendance_em,test.1773827066959@test.example.com,0,[TEST-1773827066958]-ATT-EMP Attendance Employee,[TEST-1773827066958]-ATT-EMP Attendance Employee,en_US,Asia/Colombo,,1,contact,,,,,0.0,0.0,test.1773827066959@test.example.com,,,seed_master_data_and_settings.company_jinasena_pvt_ltd,0,1,,,,,2026-03-18 09:44:43,,0,,0.0,no-message,0,0,no-message,no-message,no-message,automatic,VAT Not Registered,SVAT Nor Registered,0.0,
res_partner_test_1773827105987_att_edge_attendance_e,test.1773827105987@test.example.com,0,[TEST-1773827105987]-ATT-EDGE Attendance Edge Employee,[TEST-1773827105987]-ATT-EDGE Attendance Edge Employee,en_US,Asia/Colombo,,1,contact,,,,,0.0,0.0,test.1773827105987@test.example.com,,,seed_master_data_and_settings.company_jinasena_pvt_ltd,0,1,,,,,2026-03-18 09:45:22,,0,,0.0,no-message,0,0,no-message,no-message,no-message,automatic,VAT Not Registered,SVAT Nor Registered,0.0,
res_partner_test_1773827129018_att_edge_attendance_e,test.1773827129018@test.example.com,0,[TEST-1773827129018]-ATT-EDGE Attendance Edge Employee,[TEST-1773827129018]-ATT-EDGE Attendance Edge Employee,en_US,Asia/Colombo,,1,contact,,,,,0.0,0.0,test.1773827129018@test.example.com,,,seed_master_data_and_settings.company_jinasena_pvt_ltd,0,1,,,,,2026-03-18 09:45:44,,0,,0.0,no-message,0,0,no-message,no-message,no-message,automatic,VAT Not Registered,SVAT Nor Registered,0.0,
res_partner_test_1773827152192_att_edge_attendance_e,test.1773827152192@test.example.com,0,[TEST-1773827152192]-ATT-EDGE Attendance Edge Employee,[TEST-1773827152192]-ATT-EDGE Attendance Edge Employee,en_US,Asia/Colombo,,1,contact,,,,,0.0,0.0,test.1773827152192@test.example.com,,,seed_master_data_and_settings.company_jinasena_pvt_ltd,0,1,,,,,2026-03-18 09:46:08,,0,,0.0,no-message,0,0,no-message,no-message,no-message,automatic,VAT Not Registered,SVAT Nor Registered,0.0,
res_partner_test_1773827174635_att_edge_attendance_e,test.1773827174635@test.example.com,0,[TEST-1773827174635]-ATT-EDGE Attendance Edge Employee,[TEST-1773827174635]-ATT-EDGE Attendance Edge Employee,en_US,Asia/Colombo,,1,contact,,,,,0.0,0.0,test.1773827174635@test.example.com,,,seed_master_data_and_settings.company_jinasena_pvt_ltd,0,1,,,,,2026-03-18 09:46:30,,0,,0.0,no-message,0,0,no-message,no-message,no-message,automatic,VAT Not Registered,SVAT Nor Registered,0.0,
res_partner_test_1773827197657_att_edge_attendance_e,test.1773827197657@test.example.com,0,[TEST-1773827197657]-ATT-EDGE Attendance Edge Employee,[TEST-1773827197657]-ATT-EDGE Attendance Edge Employee,en_US,Asia/Colombo,,1,contact,,,,,0.0,0.0,test.1773827197657@test.example.com,,,seed_master_data_and_settings.company_jinasena_pvt_ltd,0,1,,,,,2026-03-18 09:46:53,,0,,0.0,no-message,0,0,no-message,no-message,no-message,automatic,VAT Not Registered,SVAT Nor Registered,0.0,
res_partner_test_1773827201576_att_arch_archived_att,test.1773827201576@test.example.com,0,[TEST-1773827201576]-ATT-ARCH Archived Att Employee,[TEST-1773827201576]-ATT-ARCH Archived Att Employee,en_US,Asia/Colombo,,1,contact,,,,,0.0,0.0,test.1773827201576@test.example.com,,,seed_master_data_and_settings.company_jinasena_pvt_ltd,0,1,,,,,2026-03-18 09:46:57,,0,,0.0,no-message,0,0,no-message,no-message,no-message,automatic,VAT Not Registered,SVAT Nor Registered,0.0,
res_partner_test_1773827225411_att_edge_attendance_e,test.1773827225412@test.example.com,0,[TEST-1773827225411]-ATT-EDGE Attendance Edge Employee,[TEST-1773827225411]-ATT-EDGE Attendance Edge Employee,en_US,Asia/Colombo,,1,contact,,,,,0.0,0.0,test.1773827225412@test.example.com,,,seed_master_data_and_settings.company_jinasena_pvt_ltd,0,1,,,,,2026-03-18 09:47:22,,0,,0.0,no-message,0,0,no-message,no-message,no-message,automatic,VAT Not Registered,SVAT Nor Registered,0.0,
res_partner_test_1773827231166_att_arch_archived_att,test.1773827231166@test.example.com,0,[TEST-1773827231166]-ATT-ARCH Archived Att Employee,[TEST-1773827231166]-ATT-ARCH Archived Att Employee,en_US,Asia/Colombo,,1,contact,,,,,0.0,0.0,test.1773827231166@test.example.com,,,seed_master_data_and_settings.company_jinasena_pvt_ltd,0,1,,,,,2026-03-18 09:47:27,,0,,0.0,no-message,0,0,no-message,no-message,no-message,automatic,VAT Not Registered,SVAT Nor Registered,0.0,
res_partner_test_1773827255513_att_edge_attendance_e,test.1773827255513@test.example.com,0,[TEST-1773827255513]-ATT-EDGE Attendance Edge Employee,[TEST-1773827255513]-ATT-EDGE Attendance Edge Employee,en_US,Asia/Colombo,,1,contact,,,,,0.0,0.0,test.1773827255513@test.example.com,,,seed_master_data_and_settings.company_jinasena_pvt_ltd,0,1,,,,,2026-03-18 09:47:51,,0,,0.0,no-message,0,0,no-message,no-message,no-message,automatic,VAT Not Registered,SVAT Nor Registered,0.0,
res_partner_test_1773827278129_att_edge_attendance_e,test.1773827278129@test.example.com,0,[TEST-1773827278129]-ATT-EDGE Attendance Edge Employee,[TEST-1773827278129]-ATT-EDGE Attendance Edge Employee,en_US,Asia/Colombo,,1,contact,,,,,0.0,0.0,test.1773827278129@test.example.com,,,seed_master_data_and_settings.company_jinasena_pvt_ltd,0,1,,,,,2026-03-18 09:48:14,,0,,0.0,no-message,0,0,no-message,no-message,no-message,automatic,VAT Not Registered,SVAT Nor Registered,0.0,
res_partner_test_1773827301015_contract_emp_contract,test.1773827301015@test.example.com,0,[TEST-1773827301015]-CONTRACT-EMP Contract Test Employee,[TEST-1773827301015]-CONTRACT-EMP Contract Test Employee,en_US,Asia/Colombo,,1,contact,,,,,0.0,0.0,test.1773827301015@test.example.com,,,seed_master_data_and_settings.company_jinasena_pvt_ltd,0,1,,,,,2026-03-18 09:48:37,,0,,0.0,no-message,0,0,no-message,no-message,no-message,automatic,VAT Not Registered,SVAT Nor Registered,0.0,
res_partner_test_1773827339309_contract_emp_contract,test.1773827339309@test.example.com,0,[TEST-1773827339309]-CONTRACT-EMP Contract Test Employee,[TEST-1773827339309]-CONTRACT-EMP Contract Test Employee,en_US,Asia/Colombo,,1,contact,,,,,0.0,0.0,test.1773827339309@test.example.com,,,seed_master_data_and_settings.company_jinasena_pvt_ltd,0,1,,,,,2026-03-18 09:49:15,,0,,0.0,no-message,0,0,no-message,no-message,no-message,automatic,VAT Not Registered,SVAT Nor Registered,0.0,
res_partner_test_1773827377944_contract_emp_contract,test.1773827377944@test.example.com,0,[TEST-1773827377944]-CONTRACT-EMP Contract Test Employee,[TEST-1773827377944]-CONTRACT-EMP Contract Test Employee,en_US,Asia/Colombo,,1,contact,,,,,0.0,0.0,test.1773827377944@test.example.com,,,seed_master_data_and_settings.company_jinasena_pvt_ltd,0,1,,,,,2026-03-18 09:49:53,,0,,0.0,no-message,0,0,no-message,no-message,no-message,automatic,VAT Not Registered,SVAT Nor Registered,0.0,
res_partner_test_1773827415601_contract_emp_contract,test.1773827415601@test.example.com,0,[TEST-1773827415601]-CONTRACT-EMP Contract Test Employee,[TEST-1773827415601]-CONTRACT-EMP Contract Test Employee,en_US,Asia/Colombo,,1,contact,,,,,0.0,0.0,test.1773827415601@test.example.com,,,seed_master_data_and_settings.company_jinasena_pvt_ltd,0,1,,,,,2026-03-18 09:50:32,,0,,0.0,no-message,0,0,no-message,no-message,no-message,automatic,VAT Not Registered,SVAT Nor Registered,0.0,
res_partner_test_1773827455354_contract_emp_contract,test.1773827455354@test.example.com,0,[TEST-1773827455354]-CONTRACT-EMP Contract Test Employee,[TEST-1773827455354]-CONTRACT-EMP Contract Test Employee,en_US,Asia/Colombo,,1,contact,,,,,0.0,0.0,test.1773827455354@test.example.com,,,seed_master_data_and_settings.company_jinasena_pvt_ltd,0,1,,,,,2026-03-18 09:51:11,,0,,0.0,no-message,0,0,no-message,no-message,no-message,automatic,VAT Not Registered,SVAT Nor Registered,0.0,
res_partner_test_1773827493597_contract_emp_contract,test.1773827493597@test.example.com,0,[TEST-1773827493597]-CONTRACT-EMP Contract Test Employee,[TEST-1773827493597]-CONTRACT-EMP Contract Test Employee,en_US,Asia/Colombo,,1,contact,,,,,0.0,0.0,test.1773827493597@test.example.com,,,seed_master_data_and_settings.company_jinasena_pvt_ltd,0,1,,,,,2026-03-18 09:51:49,,0,,0.0,no-message,0,0,no-message,no-message,no-message,automatic,VAT Not Registered,SVAT Nor Registered,0.0,
res_partner_test_1773827533574_contract_emp_contract,test.1773827533575@test.example.com,0,[TEST-1773827533574]-CONTRACT-EMP Contract Test Employee,[TEST-1773827533574]-CONTRACT-EMP Contract Test Employee,en_US,Asia/Colombo,,1,contact,,,,,0.0,0.0,test.1773827533575@test.example.com,,,seed_master_data_and_settings.company_jinasena_pvt_ltd,0,1,,,,,2026-03-18 09:52:29,,0,,0.0,no-message,0,0,no-message,no-message,no-message,automatic,VAT Not Registered,SVAT Nor Registered,0.0,
res_partner_test_1773827571383_contract_emp_contract,test.1773827571383@test.example.com,0,[TEST-1773827571383]-CONTRACT-EMP Contract Test Employee,[TEST-1773827571383]-CONTRACT-EMP Contract Test Employee,en_US,Asia/Colombo,,1,contact,,,,,0.0,0.0,test.1773827571383@test.example.com,,,seed_master_data_and_settings.company_jinasena_pvt_ltd,0,1,,,,,2026-03-18 09:53:07,,0,,0.0,no-message,0,0,no-message,no-message,no-message,automatic,VAT Not Registered,SVAT Nor Registered,0.0,
res_partner_test_1773827610433_contract_emp_contract,test.1773827610433@test.example.com,0,[TEST-1773827610433]-CONTRACT-EMP Contract Test Employee,[TEST-1773827610433]-CONTRACT-EMP Contract Test Employee,en_US,Asia/Colombo,,1,contact,,,,,0.0,0.0,test.1773827610433@test.example.com,,,seed_master_data_and_settings.company_jinasena_pvt_ltd,0,1,,,,,2026-03-18 09:53:45,,0,,0.0,no-message,0,0,no-message,no-message,no-message,automatic,VAT Not Registered,SVAT Nor Registered,0.0,
res_partner_test_1773827648009_contract_emp_contract,test.1773827648009@test.example.com,0,[TEST-1773827648009]-CONTRACT-EMP Contract Test Employee,[TEST-1773827648009]-CONTRACT-EMP Contract Test Employee,en_US,Asia/Colombo,,1,contact,,,,,0.0,0.0,test.1773827648009@test.example.com,,,seed_master_data_and_settings.company_jinasena_pvt_ltd,0,1,,,,,2026-03-18 09:54:24,,0,,0.0,no-message,0,0,no-message,no-message,no-message,automatic,VAT Not Registered,SVAT Nor Registered,0.0,
res_partner_test_1773827687284_con_edge_emp_contract,test.1773827687284@test.example.com,0,[TEST-1773827687284]-CON-EDGE-EMP Contract Edge Employee,[TEST-1773827687284]-CON-EDGE-EMP Contract Edge Employee,en_US,Asia/Colombo,,1,contact,,,,,0.0,0.0,test.1773827687284@test.example.com,,,seed_master_data_and_settings.company_jinasena_pvt_ltd,0,1,,,,,2026-03-18 09:55:03,,0,,0.0,no-message,0,0,no-message,no-message,no-message,automatic,VAT Not Registered,SVAT Nor Registered,0.0,
res_partner_test_1773827725063_con_edge_emp_contract,test.1773827725063@test.example.com,0,[TEST-1773827725063]-CON-EDGE-EMP Contract Edge Employee,[TEST-1773827725063]-CON-EDGE-EMP Contract Edge Employee,en_US,Asia/Colombo,,1,contact,,,,,0.0,0.0,test.1773827725063@test.example.com,,,seed_master_data_and_settings.company_jinasena_pvt_ltd,0,1,,,,,2026-03-18 09:55:41,,0,,0.0,no-message,0,0,no-message,no-message,no-message,automatic,VAT Not Registered,SVAT Nor Registered,0.0,
res_partner_test_1773827764160_con_edge_emp_contract,test.1773827764160@test.example.com,0,[TEST-1773827764160]-CON-EDGE-EMP Contract Edge Employee,[TEST-1773827764160]-CON-EDGE-EMP Contract Edge Employee,en_US,Asia/Colombo,,1,contact,,,,,0.0,0.0,test.1773827764160@test.example.com,,,seed_master_data_and_settings.company_jinasena_pvt_ltd,0,1,,,,,2026-03-18 09:56:19,,0,,0.0,no-message,0,0,no-message,no-message,no-message,automatic,VAT Not Registered,SVAT Nor Registered,0.0,
res_partner_test_1773827801979_con_edge_emp_contract,test.1773827801979@test.example.com,0,[TEST-1773827801979]-CON-EDGE-EMP Contract Edge Employee,[TEST-1773827801979]-CON-EDGE-EMP Contract Edge Employee,en_US,Asia/Colombo,,1,contact,,,,,0.0,0.0,test.1773827801979@test.example.com,,,seed_master_data_and_settings.company_jinasena_pvt_ltd,0,1,,,,,2026-03-18 09:56:58,,0,,0.0,no-message,0,0,no-message,no-message,no-message,automatic,VAT Not Registered,SVAT Nor Registered,0.0,
res_partner_test_1773827840842_con_edge_emp_contract,test.1773827840842@test.example.com,0,[TEST-1773827840842]-CON-EDGE-EMP Contract Edge Employee,[TEST-1773827840842]-CON-EDGE-EMP Contract Edge Employee,en_US,Asia/Colombo,,1,contact,,,,,0.0,0.0,test.1773827840842@test.example.com,,,seed_master_data_and_settings.company_jinasena_pvt_ltd,0,1,,,,,2026-03-18 09:57:36,,0,,0.0,no-message,0,0,no-message,no-message,no-message,automatic,VAT Not Registered,SVAT Nor Registered,0.0,
res_partner_test_1773827878372_con_edge_emp_contract,test.1773827878372@test.example.com,0,[TEST-1773827878372]-CON-EDGE-EMP Contract Edge Employee,[TEST-1773827878372]-CON-EDGE-EMP Contract Edge Employee,en_US,Asia/Colombo,,1,contact,,,,,0.0,0.0,test.1773827878372@test.example.com,,,seed_master_data_and_settings.company_jinasena_pvt_ltd,0,1,,,,,2026-03-18 09:58:14,,0,,0.0,no-message,0,0,no-message,no-message,no-message,automatic,VAT Not Registered,SVAT Nor Registered,0.0,
res_partner_test_1773827957941_con_edge_emp_contract,test.1773827957941@test.example.com,0,[TEST-1773827957941]-CON-EDGE-EMP Contract Edge Employee,[TEST-1773827957941]-CON-EDGE-EMP Contract Edge Employee,en_US,Asia/Colombo,,1,contact,,,,,0.0,0.0,test.1773827957941@test.example.com,,,seed_master_data_and_settings.company_jinasena_pvt_ltd,0,1,,,,,2026-03-18 09:59:34,,0,,0.0,no-message,0,0,no-message,no-message,no-message,automatic,VAT Not Registered,SVAT Nor Registered,0.0,
res_partner_test_1773827996548_con_edge_emp_contract,test.1773827996548@test.example.com,0,[TEST-1773827996548]-CON-EDGE-EMP Contract Edge Employee,[TEST-1773827996548]-CON-EDGE-EMP Contract Edge Employee,en_US,Asia/Colombo,,1,contact,,,,,0.0,0.0,test.1773827996548@test.example.com,,,seed_master_data_and_settings.company_jinasena_pvt_ltd,0,1,,,,,2026-03-18 10:00:13,,0,,0.0,no-message,0,0,no-message,no-message,no-message,automatic,VAT Not Registered,SVAT Nor Registered,0.0,
res_partner_test_1773828035440_con_edge_emp_contract,test.1773828035440@test.example.com,0,[TEST-1773828035440]-CON-EDGE-EMP Contract Edge Employee,[TEST-1773828035440]-CON-EDGE-EMP Contract Edge Employee,en_US,Asia/Colombo,,1,contact,,,,,0.0,0.0,test.1773828035440@test.example.com,,,seed_master_data_and_settings.company_jinasena_pvt_ltd,0,1,,,,,2026-03-18 10:00:51,,0,,0.0,no-message,0,0,no-message,no-message,no-message,automatic,VAT Not Registered,SVAT Nor Registered,0.0,
res_partner_test_1773828074141_con_edge_emp_contract,test.1773828074141@test.example.com,0,[TEST-1773828074141]-CON-EDGE-EMP Contract Edge Employee,[TEST-1773828074141]-CON-EDGE-EMP Contract Edge Employee,en_US,Asia/Colombo,,1,contact,,,,,0.0,0.0,test.1773828074141@test.example.com,,,seed_master_data_and_settings.company_jinasena_pvt_ltd,0,1,,,,,2026-03-18 10:01:29,,0,,0.0,no-message,0,0,no-message,no-message,no-message,automatic,VAT Not Registered,SVAT Nor Registered,0.0,
res_partner_test_1773828112084_con_edge_emp_contract,test.1773828112084@test.example.com,0,[TEST-1773828112084]-CON-EDGE-EMP Contract Edge Employee,[TEST-1773828112084]-CON-EDGE-EMP Contract Edge Employee,en_US,Asia/Colombo,,1,contact,,,,,0.0,0.0,test.1773828112084@test.example.com,,,seed_master_data_and_settings.company_jinasena_pvt_ltd,0,1,,,,,2026-03-18 10:02:08,,0,,0.0,no-message,0,0,no-message,no-message,no-message,automatic,VAT Not Registered,SVAT Nor Registered,0.0,
res_partner_test_1773828150864_con_edge_emp_contract,test.1773828150864@test.example.com,0,[TEST-1773828150864]-CON-EDGE-EMP Contract Edge Employee,[TEST-1773828150864]-CON-EDGE-EMP Contract Edge Employee,en_US,Asia/Colombo,,1,contact,,,,,0.0,0.0,test.1773828150864@test.example.com,,,seed_master_data_and_settings.company_jinasena_pvt_ltd,0,1,,,,,2026-03-18 10:02:47,,0,,0.0,no-message,0,0,no-message,no-message,no-message,automatic,VAT Not Registered,SVAT Nor Registered,0.0,
res_partner_test_1773828188905_con_edge_emp_contract,test.1773828188905@test.example.com,0,[TEST-1773828188905]-CON-EDGE-EMP Contract Edge Employee,[TEST-1773828188905]-CON-EDGE-EMP Contract Edge Employee,en_US,Asia/Colombo,,1,contact,,,,,0.0,0.0,test.1773828188905@test.example.com,,,seed_master_data_and_settings.company_jinasena_pvt_ltd,0,1,,,,,2026-03-18 10:03:25,,0,,0.0,no-message,0,0,no-message,no-message,no-message,automatic,VAT Not Registered,SVAT Nor Registered,0.0,
res_partner_test_1773828227734_con_edge_emp_contract,test.1773828227734@test.example.com,0,[TEST-1773828227734]-CON-EDGE-EMP Contract Edge Employee,[TEST-1773828227734]-CON-EDGE-EMP Contract Edge Employee,en_US,Asia/Colombo,,1,contact,,,,,0.0,0.0,test.1773828227734@test.example.com,,,seed_master_data_and_settings.company_jinasena_pvt_ltd,0,1,,,,,2026-03-18 10:04:04,,0,,0.0,no-message,0,0,no-message,no-message,no-message,automatic,VAT Not Registered,SVAT Nor Registered,0.0,
res_partner_test_1773828267205_con_edge_emp_contract,test.1773828267205@test.example.com,0,[TEST-1773828267205]-CON-EDGE-EMP Contract Edge Employee,[TEST-1773828267205]-CON-EDGE-EMP Contract Edge Employee,en_US,Asia/Colombo,,1,contact,,,,,0.0,0.0,test.1773828267205@test.example.com,,,seed_master_data_and_settings.company_jinasena_pvt_ltd,0,1,,,,,2026-03-18 10:04:43,,0,,0.0,no-message,0,0,no-message,no-message,no-message,automatic,VAT Not Registered,SVAT Nor Registered,0.0,
res_partner_test_1773828306193_con_edge_emp_contract,test.1773828306193@test.example.com,0,[TEST-1773828306193]-CON-EDGE-EMP Contract Edge Employee,[TEST-1773828306193]-CON-EDGE-EMP Contract Edge Employee,en_US,Asia/Colombo,,1,contact,,,,,0.0,0.0,test.1773828306193@test.example.com,,,seed_master_data_and_settings.company_jinasena_pvt_ltd,0,1,,,,,2026-03-18 10:05:21,,0,,0.0,no-message,0,0,no-message,no-message,no-message,automatic,VAT Not Registered,SVAT Nor Registered,0.0,
res_partner_test_1773828344020_con_edge_emp_contract,test.1773828344020@test.example.com,0,[TEST-1773828344020]-CON-EDGE-EMP Contract Edge Employee,[TEST-1773828344020]-CON-EDGE-EMP Contract Edge Employee,en_US,Asia/Colombo,,1,contact,,,,,0.0,0.0,test.1773828344020@test.example.com,,,seed_master_data_and_settings.company_jinasena_pvt_ltd,0,1,,,,,2026-03-18 10:06:00,,0,,0.0,no-message,0,0,no-message,no-message,no-message,automatic,VAT Not Registered,SVAT Nor Registered,0.0,
res_partner_test_1773828655503_emp_test_employee,test.1773828655503@test.example.com,0,[TEST-1773828655503]-EMP Test Employee,[TEST-1773828655503]-EMP Test Employee,en_US,Asia/Colombo,,1,contact,,,,,0.0,0.0,test.1773828655503@test.example.com,,,seed_master_data_and_settings.company_jinasena_pvt_ltd,0,1,,,,,2026-03-18 10:11:10,,0,,0.0,no-message,0,0,no-message,no-message,no-message,automatic,VAT Not Registered,SVAT Nor Registered,0.0,
res_partner_test_1773828661873_emp_test_employee,test.1773828661873@test.example.com,0,[TEST-1773828661873]-EMP Test Employee,[TEST-1773828661873]-EMP Test Employee,en_US,Asia/Colombo,,1,contact,,,,,0.0,0.0,test.1773828661873@test.example.com,,,seed_master_data_and_settings.company_jinasena_pvt_ltd,0,1,,,,,2026-03-18 10:11:17,,0,,0.0,no-message,0,0,no-message,no-message,no-message,automatic,VAT Not Registered,SVAT Nor Registered,0.0,
res_partner_test_1773828672135_emp_test_employee,test.1773828672135@test.example.com,0,[TEST-1773828672135]-EMP Test Employee,[TEST-1773828672135]-EMP Test Employee,en_US,Asia/Colombo,,1,contact,,,,,0.0,0.0,test.1773828672135@test.example.com,,,seed_master_data_and_settings.company_jinasena_pvt_ltd,0,1,,,,,2026-03-18 10:11:26,,0,,0.0,no-message,0,0,no-message,no-message,no-message,automatic,VAT Not Registered,SVAT Nor Registered,0.0,
res_partner_test_1773828684050_emp_test_employee,test.1773828684050@test.example.com,0,[TEST-1773828684050]-EMP Test Employee,[TEST-1773828684050]-EMP Test Employee,en_US,Asia/Colombo,,1,contact,,,,,0.0,0.0,test.1773828684050@test.example.com,,,seed_master_data_and_settings.company_jinasena_pvt_ltd,0,1,,,,,2026-03-18 10:11:38,,0,,0.0,no-message,0,0,no-message,no-message,no-message,automatic,VAT Not Registered,SVAT Nor Registered,0.0,
res_partner_test_1773828697581_emp_test_employee,test.1773828697581@test.example.com,0,[TEST-1773828697581]-EMP Test Employee,[TEST-1773828697581]-EMP Test Employee,en_US,Asia/Colombo,,1,contact,,,,,0.0,0.0,test.1773828697581@test.example.com,,,seed_master_data_and_settings.company_jinasena_pvt_ltd,0,1,,,,,2026-03-18 10:11:52,,0,,0.0,no-message,0,0,no-message,no-message,no-message,automatic,VAT Not Registered,SVAT Nor Registered,0.0,
res_partner_test_1773828727785_emp_test_employee,test.1773828727785@test.example.com,0,[TEST-1773828727785]-EMP Test Employee,[TEST-1773828727785]-EMP Test Employee,en_US,Asia/Colombo,,1,contact,,,,,0.0,0.0,test.1773828727785@test.example.com,,,seed_master_data_and_settings.company_jinasena_pvt_ltd,0,1,,,,,2026-03-18 10:12:22,,0,,0.0,no-message,0,0,no-message,no-message,no-message,automatic,VAT Not Registered,SVAT Nor Registered,0.0,
res_partner_test_1773828748124_emp_test_employee,test.1773828748124@test.example.com,0,[TEST-1773828748124]-EMP Test Employee,[TEST-1773828748124]-EMP Test Employee,en_US,Asia/Colombo,,1,contact,,,,,0.0,0.0,test.1773828748124@test.example.com,,,seed_master_data_and_settings.company_jinasena_pvt_ltd,0,1,,,,,2026-03-18 10:12:42,,0,,0.0,no-message,0,0,no-message,no-message,no-message,automatic,VAT Not Registered,SVAT Nor Registered,0.0,
res_partner_test_1773828748124_emp_test_employee_cop,,0,[TEST-1773828748124]-EMP Test Employee (copy),[TEST-1773828748124]-EMP Test Employee (copy),en_US,Asia/Colombo,,1,contact,,,,,0.0,0.0,,,,seed_master_data_and_settings.company_jinasena_pvt_ltd,0,1,,,,,2026-03-18 10:12:43,,0,,0.0,no-message,0,0,no-message,no-message,no-message,automatic,VAT Not Registered,SVAT Nor Registered,0.0,
res_partner_test_1773828799194_dupname_duplicate_emp,test.1773828799194@test.example.com,0,[TEST-1773828799194]-DUPNAME Duplicate Employee,[TEST-1773828799194]-DUPNAME Duplicate Employee,en_US,Asia/Colombo,,1,contact,,,,,0.0,0.0,test.1773828799194@test.example.com,,,seed_master_data_and_settings.company_jinasena_pvt_ltd,0,1,,,,,2026-03-18 10:13:38,,0,,0.0,no-message,0,0,no-message,no-message,no-message,automatic,VAT Not Registered,SVAT Nor Registered,0.0,
res_partner_test_1773828799194_dupname_duplicate_emp_7168,test.1773828799194@test.example.com,0,[TEST-1773828799194]-DUPNAME Duplicate Employee,[TEST-1773828799194]-DUPNAME Duplicate Employee,en_US,Asia/Colombo,,1,contact,,,,,0.0,0.0,test.1773828799194@test.example.com,,,seed_master_data_and_settings.company_jinasena_pvt_ltd,0,1,,,,,2026-03-18 10:13:35,,0,,0.0,no-message,0,0,no-message,no-message,no-message,automatic,VAT Not Registered,SVAT Nor Registered,0.0,
res_partner_test_1773828799194_dupname_duplicate_emp_7167,test.1773828799194@test.example.com,0,[TEST-1773828799194]-DUPNAME Duplicate Employee,[TEST-1773828799194]-DUPNAME Duplicate Employee,en_US,Asia/Colombo,,1,contact,,,,,0.0,0.0,test.1773828799194@test.example.com,,,seed_master_data_and_settings.company_jinasena_pvt_ltd,0,1,,,,,2026-03-18 10:13:35,,0,,0.0,no-message,0,0,no-message,no-message,no-message,automatic,VAT Not Registered,SVAT Nor Registered,0.0,
res_partner_test_1773828818383_inv_email_test,,0,[TEST-1773828818383]-INV-EMAIL Test,[TEST-1773828818383]-INV-EMAIL Test,en_US,Asia/Colombo,,1,contact,,,,,0.0,0.0,not-a-valid-email,,,seed_master_data_and_settings.company_jinasena_pvt_ltd,0,1,,,,,2026-03-18 10:13:50,,0,,0.0,no-message,0,0,no-message,no-message,no-message,automatic,VAT Not Registered,SVAT Nor Registered,0.0,
res_partner_test_1773828820789_emp_test_employee,test.1773828820789@test.example.com,0,[TEST-1773828820789]-EMP Test Employee,[TEST-1773828820789]-EMP Test Employee,en_US,Asia/Colombo,,1,contact,,,,,0.0,0.0,test.1773828820789@test.example.com,,,seed_master_data_and_settings.company_jinasena_pvt_ltd,0,1,,,,,2026-03-18 10:13:56,,0,,0.0,no-message,0,0,no-message,no-message,no-message,automatic,VAT Not Registered,SVAT Nor Registered,0.0,
res_partner_test_1773828828171_emp_test_employee,test.1773828828171@test.example.com,0,[TEST-1773828828171]-EMP Test Employee,[TEST-1773828828171]-EMP Test Employee,en_US,Asia/Colombo,,1,contact,,,,,0.0,0.0,test.1773828828171@test.example.com,,,seed_master_data_and_settings.company_jinasena_pvt_ltd,0,1,,,,,2026-03-18 10:14:04,,0,,0.0,no-message,0,0,no-message,no-message,no-message,automatic,VAT Not Registered,SVAT Nor Registered,0.0,
res_partner_test_1773828834964_emp_test_employee,test.1773828834964@test.example.com,0,[TEST-1773828834964]-EMP Test Employee,[TEST-1773828834964]-EMP Test Employee,en_US,Asia/Colombo,,1,contact,,,,,0.0,0.0,test.1773828834964@test.example.com,,,seed_master_data_and_settings.company_jinasena_pvt_ltd,0,1,,,,,2026-03-18 10:14:10,,0,,0.0,no-message,0,0,no-message,no-message,no-message,automatic,VAT Not Registered,SVAT Nor Registered,0.0,
res_partner_test_1773828839882_longname_aaaaaaaaaaaa,,0,[TEST-1773828839882]-LONGNAME-AAAAAAAAAAAAAAAAAAAAAAAAAAAAAAAAAAAAAAAAAAAAAAAAAAAAAAAAAAAAAAAAAAAAAAAAAAAAAAAAAAAAAAAAAAAAAAAAAAAAAAAAAAAAAAAAAAAAAAAAAAAAAAAAAAAAAAAAAAAAAAAAAAAAAAAAAAAAAAAAAAAAAAAAAAAAAAAAAAAAAAAAAAAAAAAAAAAAAAAAAAAAAAAAAAAAAAAAAAAAAAAAAAAAAAAAAAAAAAAA,[TEST-1773828839882]-LONGNAME-AAAAAAAAAAAAAAAAAAAAAAAAAAAAAAAAAAAAAAAAAAAAAAAAAAAAAAAAAAAAAAAAAAAAAAAAAAAAAAAAAAAAAAAAAAAAAAAAAAAAAAAAAAAAAAAAAAAAAAAAAAAAAAAAAAAAAAAAAAAAAAAAAAAAAAAAAAAAAAAAAAAAAAAAAAAAAAAAAAAAAAAAAAAAAAAAAAAAAAAAAAAAAAAAAAAAAAAAAAAAAAAAAAAAAAAAAAAAAAAA,en_US,Asia/Colombo,,1,contact,,,,,0.0,0.0,,,,seed_master_data_and_settings.company_jinasena_pvt_ltd,0,1,,,,,2026-03-18 10:14:18,,0,,0.0,no-message,0,0,no-message,no-message,no-message,automatic,VAT Not Registered,SVAT Nor Registered,0.0,
res_partner_test_1773828878296_special_o_brien,test.1773828878296@test.example.com,0,[TEST-1773828878296]-SPECIAL O'Brien,[TEST-1773828878296]-SPECIAL O'Brien,en_US,Asia/Colombo,,1,contact,,,,,0.0,0.0,test.1773828878296@test.example.com,,,seed_master_data_and_settings.company_jinasena_pvt_ltd,0,1,,,,,2026-03-18 10:14:54,,0,,0.0,no-message,0,0,no-message,no-message,no-message,automatic,VAT Not Registered,SVAT Nor Registered,0.0,
res_partner_test_1773828884275_special_m_ller,test.1773828884275@test.example.com,0,[TEST-1773828884275]-SPECIAL Müller,[TEST-1773828884275]-SPECIAL Müller,en_US,Asia/Colombo,,1,contact,,,,,0.0,0.0,test.1773828884275@test.example.com,,,seed_master_data_and_settings.company_jinasena_pvt_ltd,0,1,,,,,2026-03-18 10:14:59,,0,,0.0,no-message,0,0,no-message,no-message,no-message,automatic,VAT Not Registered,SVAT Nor Registered,0.0,
res_partner_test_1773828889837_special,test.1773828889837@test.example.com,0,[TEST-1773828889837]-SPECIAL 李明,[TEST-1773828889837]-SPECIAL 李明,en_US,Asia/Colombo,,1,contact,,,,,0.0,0.0,test.1773828889837@test.example.com,,,seed_master_data_and_settings.company_jinasena_pvt_ltd,0,1,,,,,2026-03-18 10:15:05,,0,,0.0,no-message,0,0,no-message,no-message,no-message,automatic,VAT Not Registered,SVAT Nor Registered,0.0,
res_partner_test_1773828895384_xss_script_alert_1_sc,test.1773828895384@test.example.com,0,[TEST-1773828895384]-XSS <script>alert(1)</script>,[TEST-1773828895384]-XSS <script>alert(1)</script>,en_US,Asia/Colombo,,1,contact,,,,,0.0,0.0,test.1773828895384@test.example.com,,,seed_master_data_and_settings.company_jinasena_pvt_ltd,0,1,,,,,2026-03-18 10:15:13,,0,,0.0,no-message,0,0,no-message,no-message,no-message,automatic,VAT Not Registered,SVAT Nor Registered,0.0,
res_partner_test_1773828895384_xss_script_alert_1_sc_7179,test.1773828895384@test.example.com,0,[TEST-1773828895384]-XSS <script>alert(1)</script>,[TEST-1773828895384]-XSS <script>alert(1)</script>,en_US,Asia/Colombo,,1,contact,,,,,0.0,0.0,test.1773828895384@test.example.com,,,seed_master_data_and_settings.company_jinasena_pvt_ltd,0,1,,,,,2026-03-18 10:15:11,,0,,0.0,no-message,0,0,no-message,no-message,no-message,automatic,VAT Not Registered,SVAT Nor Registered,0.0,
res_partner_test_1773829413449_exp_arch_archived_exp,test.1773829413450@test.example.com,0,[TEST-1773829413449]-EXP-ARCH Archived Expense Employee,[TEST-1773829413449]-EXP-ARCH Archived Expense Employee,en_US,Asia/Colombo,,1,contact,,,,,0.0,0.0,test.1773829413450@test.example.com,,,seed_master_data_and_settings.company_jinasena_pvt_ltd,0,1,,,,,2026-03-18 10:23:49,,0,,0.0,no-message,0,0,no-message,no-message,no-message,automatic,VAT Not Registered,SVAT Nor Registered,0.0,
res_partner_test_1773829450142_exp_arch_archived_exp,test.1773829450142@test.example.com,0,[TEST-1773829450142]-EXP-ARCH Archived Expense Employee,[TEST-1773829450142]-EXP-ARCH Archived Expense Employee,en_US,Asia/Colombo,,1,contact,,,,,0.0,0.0,test.1773829450142@test.example.com,,,seed_master_data_and_settings.company_jinasena_pvt_ltd,0,1,,,,,2026-03-18 10:24:28,,0,,0.0,no-message,0,0,no-message,no-message,no-message,automatic,VAT Not Registered,SVAT Nor Registered,0.0,
res_partner_test_1773829450142_exp_arch_archived_exp_7183,test.1773829450142@test.example.com,0,[TEST-1773829450142]-EXP-ARCH Archived Expense Employee,[TEST-1773829450142]-EXP-ARCH Archived Expense Employee,en_US,Asia/Colombo,,1,contact,,,,,0.0,0.0,test.1773829450142@test.example.com,,,seed_master_data_and_settings.company_jinasena_pvt_ltd,0,1,,,,,2026-03-18 10:24:26,,0,,0.0,no-message,0,0,no-message,no-message,no-message,automatic,VAT Not Registered,SVAT Nor Registered,0.0,
res_partner_test_1773829622735_leave_emp_leave_test_,test.1773829622735@test.example.com,0,[TEST-1773829622735]-LEAVE-EMP Leave Test Employee,[TEST-1773829622735]-LEAVE-EMP Leave Test Employee,en_US,Asia/Colombo,,1,contact,,,,,0.0,0.0,test.1773829622735@test.example.com,,,seed_master_data_and_settings.company_jinasena_pvt_ltd,0,1,,,,,2026-03-18 10:27:18,,0,,0.0,no-message,0,0,no-message,no-message,no-message,automatic,VAT Not Registered,SVAT Nor Registered,0.0,
res_partner_test_1773829663620_leave_emp_leave_test_,test.1773829663620@test.example.com,0,[TEST-1773829663620]-LEAVE-EMP Leave Test Employee,[TEST-1773829663620]-LEAVE-EMP Leave Test Employee,en_US,Asia/Colombo,,1,contact,,,,,0.0,0.0,test.1773829663620@test.example.com,,,seed_master_data_and_settings.company_jinasena_pvt_ltd,0,1,,,,,2026-03-18 10:28:00,,0,,0.0,no-message,0,0,no-message,no-message,no-message,automatic,VAT Not Registered,SVAT Nor Registered,0.0,
res_partner_test_1773829705444_leave_emp_leave_test_,test.1773829705444@test.example.com,0,[TEST-1773829705444]-LEAVE-EMP Leave Test Employee,[TEST-1773829705444]-LEAVE-EMP Leave Test Employee,en_US,Asia/Colombo,,1,contact,,,,,0.0,0.0,test.1773829705444@test.example.com,,,seed_master_data_and_settings.company_jinasena_pvt_ltd,0,1,,,,,2026-03-18 10:28:41,,0,,0.0,no-message,0,0,no-message,no-message,no-message,automatic,VAT Not Registered,SVAT Nor Registered,0.0,
res_partner_test_1773829745779_leave_emp_leave_test_,test.1773829745779@test.example.com,0,[TEST-1773829745779]-LEAVE-EMP Leave Test Employee,[TEST-1773829745779]-LEAVE-EMP Leave Test Employee,en_US,Asia/Colombo,,1,contact,,,,,0.0,0.0,test.1773829745779@test.example.com,,,seed_master_data_and_settings.company_jinasena_pvt_ltd,0,1,,,,,2026-03-18 10:29:21,,0,,0.0,no-message,0,0,no-message,no-message,no-message,automatic,VAT Not Registered,SVAT Nor Registered,0.0,
res_partner_test_1773829788287_leave_emp_leave_test_,test.1773829788287@test.example.com,0,[TEST-1773829788287]-LEAVE-EMP Leave Test Employee,[TEST-1773829788287]-LEAVE-EMP Leave Test Employee,en_US,Asia/Colombo,,1,contact,,,,,0.0,0.0,test.1773829788287@test.example.com,,,seed_master_data_and_settings.company_jinasena_pvt_ltd,0,1,,,,,2026-03-18 10:30:04,,0,,0.0,no-message,0,0,no-message,no-message,no-message,automatic,VAT Not Registered,SVAT Nor Registered,0.0,
res_partner_test_1773829829063_leave_emp_leave_test_,test.1773829829063@test.example.com,0,[TEST-1773829829063]-LEAVE-EMP Leave Test Employee,[TEST-1773829829063]-LEAVE-EMP Leave Test Employee,en_US,Asia/Colombo,,1,contact,,,,,0.0,0.0,test.1773829829063@test.example.com,,,seed_master_data_and_settings.company_jinasena_pvt_ltd,0,1,,,,,2026-03-18 10:30:45,,0,,0.0,no-message,0,0,no-message,no-message,no-message,automatic,VAT Not Registered,SVAT Nor Registered,0.0,
res_partner_test_1773829870399_leave_emp_leave_test_,test.1773829870399@test.example.com,0,[TEST-1773829870399]-LEAVE-EMP Leave Test Employee,[TEST-1773829870399]-LEAVE-EMP Leave Test Employee,en_US,Asia/Colombo,,1,contact,,,,,0.0,0.0,test.1773829870399@test.example.com,,,seed_master_data_and_settings.company_jinasena_pvt_ltd,0,1,,,,,2026-03-18 10:31:26,,0,,0.0,no-message,0,0,no-message,no-message,no-message,automatic,VAT Not Registered,SVAT Nor Registered,0.0,
res_partner_test_1773829910658_leave_emp_leave_test_,test.1773829910658@test.example.com,0,[TEST-1773829910658]-LEAVE-EMP Leave Test Employee,[TEST-1773829910658]-LEAVE-EMP Leave Test Employee,en_US,Asia/Colombo,,1,contact,,,,,0.0,0.0,test.1773829910658@test.example.com,,,seed_master_data_and_settings.company_jinasena_pvt_ltd,0,1,,,,,2026-03-18 10:32:06,,0,,0.0,no-message,0,0,no-message,no-message,no-message,automatic,VAT Not Registered,SVAT Nor Registered,0.0,
res_partner_test_1773829952327_leave_emp_leave_test_,test.1773829952327@test.example.com,0,[TEST-1773829952327]-LEAVE-EMP Leave Test Employee,[TEST-1773829952327]-LEAVE-EMP Leave Test Employee,en_US,Asia/Colombo,,1,contact,,,,,0.0,0.0,test.1773829952327@test.example.com,,,seed_master_data_and_settings.company_jinasena_pvt_ltd,0,1,,,,,2026-03-18 10:32:48,,0,,0.0,no-message,0,0,no-message,no-message,no-message,automatic,VAT Not Registered,SVAT Nor Registered,0.0,
res_partner_test_1773829993141_leave_emp_leave_test_,test.1773829993141@test.example.com,0,[TEST-1773829993141]-LEAVE-EMP Leave Test Employee,[TEST-1773829993141]-LEAVE-EMP Leave Test Employee,en_US,Asia/Colombo,,1,contact,,,,,0.0,0.0,test.1773829993141@test.example.com,,,seed_master_data_and_settings.company_jinasena_pvt_ltd,0,1,,,,,2026-03-18 10:33:30,,0,,0.0,no-message,0,0,no-message,no-message,no-message,automatic,VAT Not Registered,SVAT Nor Registered,0.0,
res_partner_test_1773830035340_leave_emp_leave_test_,test.1773830035340@test.example.com,0,[TEST-1773830035340]-LEAVE-EMP Leave Test Employee,[TEST-1773830035340]-LEAVE-EMP Leave Test Employee,en_US,Asia/Colombo,,1,contact,,,,,0.0,0.0,test.1773830035340@test.example.com,,,seed_master_data_and_settings.company_jinasena_pvt_ltd,0,1,,,,,2026-03-18 10:34:11,,0,,0.0,no-message,0,0,no-message,no-message,no-message,automatic,VAT Not Registered,SVAT Nor Registered,0.0,
res_partner_test_1773830079220_leave_emp_leave_test_,test.1773830079220@test.example.com,0,[TEST-1773830079220]-LEAVE-EMP Leave Test Employee,[TEST-1773830079220]-LEAVE-EMP Leave Test Employee,en_US,Asia/Colombo,,1,contact,,,,,0.0,0.0,test.1773830079220@test.example.com,,,seed_master_data_and_settings.company_jinasena_pvt_ltd,0,1,,,,,2026-03-18 10:34:55,,0,,0.0,no-message,0,0,no-message,no-message,no-message,automatic,VAT Not Registered,SVAT Nor Registered,0.0,
res_partner_test_1773830120856_leave_emp_leave_test_,test.1773830120856@test.example.com,0,[TEST-1773830120856]-LEAVE-EMP Leave Test Employee,[TEST-1773830120856]-LEAVE-EMP Leave Test Employee,en_US,Asia/Colombo,,1,contact,,,,,0.0,0.0,test.1773830120856@test.example.com,,,seed_master_data_and_settings.company_jinasena_pvt_ltd,0,1,,,,,2026-03-18 10:35:36,,0,,0.0,no-message,0,0,no-message,no-message,no-message,automatic,VAT Not Registered,SVAT Nor Registered,0.0,
res_partner_test_1773830137202_leave_emp_leave_test_,test.1773830137203@test.example.com,0,[TEST-1773830137202]-LEAVE-EMP Leave Test Employee,[TEST-1773830137202]-LEAVE-EMP Leave Test Employee,en_US,Asia/Colombo,,1,contact,,,,,0.0,0.0,test.1773830137203@test.example.com,,,seed_master_data_and_settings.company_jinasena_pvt_ltd,0,1,,,,,2026-03-18 10:35:53,,0,,0.0,no-message,0,0,no-message,no-message,no-message,automatic,VAT Not Registered,SVAT Nor Registered,0.0,
res_partner_test_1773830667905_pay_emp_payroll_test_,test.1773830667905@test.example.com,0,[TEST-1773830667905]-PAY-EMP Payroll Test Employee,[TEST-1773830667905]-PAY-EMP Payroll Test Employee,en_US,Asia/Colombo,,1,contact,,,,,0.0,0.0,test.1773830667905@test.example.com,,,seed_master_data_and_settings.company_jinasena_pvt_ltd,0,1,,,,,2026-03-18 10:44:43,,0,,0.0,no-message,0,0,no-message,no-message,no-message,automatic,VAT Not Registered,SVAT Nor Registered,0.0,
res_partner_test_1773830704447_pay_emp_payroll_test_,test.1773830704447@test.example.com,0,[TEST-1773830704447]-PAY-EMP Payroll Test Employee,[TEST-1773830704447]-PAY-EMP Payroll Test Employee,en_US,Asia/Colombo,,1,contact,,,,,0.0,0.0,test.1773830704447@test.example.com,,,seed_master_data_and_settings.company_jinasena_pvt_ltd,0,1,,,,,2026-03-18 10:45:20,,0,,0.0,no-message,0,0,no-message,no-message,no-message,automatic,VAT Not Registered,SVAT Nor Registered,0.0,
res_partner_test_1773830704447_pay_emp_payroll_test__7200,test.1773830704447@test.example.com,0,[TEST-1773830704447]-PAY-EMP Payroll Test Employee,[TEST-1773830704447]-PAY-EMP Payroll Test Employee,en_US,Asia/Colombo,,1,contact,,,,,0.0,0.0,test.1773830704447@test.example.com,,,seed_master_data_and_settings.company_jinasena_pvt_ltd,0,1,,,,,2026-03-18 10:45:20,,0,,0.0,no-message,0,0,no-message,no-message,no-message,automatic,VAT Not Registered,SVAT Nor Registered,0.0,
res_partner_test_1773830742259_no_contract_no_contra,test.1773830742259@test.example.com,0,[TEST-1773830742259]-NO-CONTRACT No Contract Employee,[TEST-1773830742259]-NO-CONTRACT No Contract Employee,en_US,Asia/Colombo,,1,contact,,,,,0.0,0.0,test.1773830742259@test.example.com,,,seed_master_data_and_settings.company_jinasena_pvt_ltd,0,1,,,,,2026-03-18 10:45:58,,0,,0.0,no-message,0,0,no-message,no-message,no-message,automatic,VAT Not Registered,SVAT Nor Registered,0.0,
res_partner_test_1773830742259_no_contract_no_contra_7202,test.1773830742259@test.example.com,0,[TEST-1773830742259]-NO-CONTRACT No Contract Employee,[TEST-1773830742259]-NO-CONTRACT No Contract Employee,en_US,Asia/Colombo,,1,contact,,,,,0.0,0.0,test.1773830742259@test.example.com,,,seed_master_data_and_settings.company_jinasena_pvt_ltd,0,1,,,,,2026-03-18 10:45:58,,0,,0.0,no-message,0,0,no-message,no-message,no-message,automatic,VAT Not Registered,SVAT Nor Registered,0.0,
res_partner_test_1773830778420_no_contract_no_contra,test.1773830778420@test.example.com,0,[TEST-1773830778420]-NO-CONTRACT No Contract Employee,[TEST-1773830778420]-NO-CONTRACT No Contract Employee,en_US,Asia/Colombo,,1,contact,,,,,0.0,0.0,test.1773830778420@test.example.com,,,seed_master_data_and_settings.company_jinasena_pvt_ltd,0,1,,,,,2026-03-18 10:46:34,,0,,0.0,no-message,0,0,no-message,no-message,no-message,automatic,VAT Not Registered,SVAT Nor Registered,0.0,
res_partner_test_1773830815173_archived_pay_archived,test.1773830815173@test.example.com,0,[TEST-1773830815173]-ARCHIVED-PAY Archived Payroll Emp,[TEST-1773830815173]-ARCHIVED-PAY Archived Payroll Emp,en_US,Asia/Colombo,,1,contact,,,,,0.0,0.0,test.1773830815173@test.example.com,,,seed_master_data_and_settings.company_jinasena_pvt_ltd,0,1,,,,,2026-03-18 10:47:11,,0,,0.0,no-message,0,0,no-message,no-message,no-message,automatic,VAT Not Registered,SVAT Nor Registered,0.0,
res_partner_test_1773830853279_archived_pay_archived,test.1773830853279@test.example.com,0,[TEST-1773830853279]-ARCHIVED-PAY Archived Payroll Emp,[TEST-1773830853279]-ARCHIVED-PAY Archived Payroll Emp,en_US,Asia/Colombo,,1,contact,,,,,0.0,0.0,test.1773830853279@test.example.com,,,seed_master_data_and_settings.company_jinasena_pvt_ltd,0,1,,,,,2026-03-18 10:47:49,,0,,0.0,no-message,0,0,no-message,no-message,no-message,automatic,VAT Not Registered,SVAT Nor Registered,0.0,
res_partner_test_1773830892682_confirm_pay_confirm_p,test.1773830892682@test.example.com,0,[TEST-1773830892682]-CONFIRM-PAY Confirm Payslip Emp,[TEST-1773830892682]-CONFIRM-PAY Confirm Payslip Emp,en_US,Asia/Colombo,,1,contact,,,,,0.0,0.0,test.1773830892682@test.example.com,,,seed_master_data_and_settings.company_jinasena_pvt_ltd,0,1,,,,,2026-03-18 10:48:28,,0,,0.0,no-message,0,0,no-message,no-message,no-message,automatic,VAT Not Registered,SVAT Nor Registered,0.0,
res_partner_test_1773830892682_confirm_pay_confirm_p_7207,test.1773830892682@test.example.com,0,[TEST-1773830892682]-CONFIRM-PAY Confirm Payslip Emp,[TEST-1773830892682]-CONFIRM-PAY Confirm Payslip Emp,en_US,Asia/Colombo,,1,contact,,,,,0.0,0.0,test.1773830892682@test.example.com,,,seed_master_data_and_settings.company_jinasena_pvt_ltd,0,1,,,,,2026-03-18 10:48:28,,0,,0.0,no-message,0,0,no-message,no-message,no-message,automatic,VAT Not Registered,SVAT Nor Registered,0.0,
res_partner_test_1773830929528_confirm_pay_confirm_p,test.1773830929528@test.example.com,0,[TEST-1773830929528]-CONFIRM-PAY Confirm Payslip Emp,[TEST-1773830929528]-CONFIRM-PAY Confirm Payslip Emp,en_US,Asia/Colombo,,1,contact,,,,,0.0,0.0,test.1773830929528@test.example.com,,,seed_master_data_and_settings.company_jinasena_pvt_ltd,0,1,,,,,2026-03-18 10:49:05,,0,,0.0,no-message,0,0,no-message,no-message,no-message,automatic,VAT Not Registered,SVAT Nor Registered,0.0,
res_partner_test_1773830929528_confirm_pay_confirm_p_7209,test.1773830929528@test.example.com,0,[TEST-1773830929528]-CONFIRM-PAY Confirm Payslip Emp,[TEST-1773830929528]-CONFIRM-PAY Confirm Payslip Emp,en_US,Asia/Colombo,,1,contact,,,,,0.0,0.0,test.1773830929528@test.example.com,,,seed_master_data_and_settings.company_jinasena_pvt_ltd,0,1,,,,,2026-03-18 10:49:05,,0,,0.0,no-message,0,0,no-message,no-message,no-message,automatic,VAT Not Registered,SVAT Nor Registered,0.0,
res_partner_test_1773831034441_dup_pay_duplicate_pay,test.1773831034441@test.example.com,0,[TEST-1773831034441]-DUP-PAY Duplicate Payslip Emp,[TEST-1773831034441]-DUP-PAY Duplicate Payslip Emp,en_US,Asia/Colombo,,1,contact,,,,,0.0,0.0,test.1773831034441@test.example.com,,,seed_master_data_and_settings.company_jinasena_pvt_ltd,0,1,,,,,2026-03-18 10:50:50,,0,,0.0,no-message,0,0,no-message,no-message,no-message,automatic,VAT Not Registered,SVAT Nor Registered,0.0,
res_partner_test_1773831034441_dup_pay_duplicate_pay_7211,test.1773831034441@test.example.com,0,[TEST-1773831034441]-DUP-PAY Duplicate Payslip Emp,[TEST-1773831034441]-DUP-PAY Duplicate Payslip Emp,en_US,Asia/Colombo,,1,contact,,,,,0.0,0.0,test.1773831034441@test.example.com,,,seed_master_data_and_settings.company_jinasena_pvt_ltd,0,1,,,,,2026-03-18 10:50:50,,0,,0.0,no-message,0,0,no-message,no-message,no-message,automatic,VAT Not Registered,SVAT Nor Registered,0.0,
res_partner_test_1773831071299_dup_pay_duplicate_pay,test.1773831071299@test.example.com,0,[TEST-1773831071299]-DUP-PAY Duplicate Payslip Emp,[TEST-1773831071299]-DUP-PAY Duplicate Payslip Emp,en_US,Asia/Colombo,,1,contact,,,,,0.0,0.0,test.1773831071299@test.example.com,,,seed_master_data_and_settings.company_jinasena_pvt_ltd,0,1,,,,,2026-03-18 10:51:28,,0,,0.0,no-message,0,0,no-message,no-message,no-message,automatic,VAT Not Registered,SVAT Nor Registered,0.0,
res_partner_test_1773831071299_dup_pay_duplicate_pay_7213,test.1773831071299@test.example.com,0,[TEST-1773831071299]-DUP-PAY Duplicate Payslip Emp,[TEST-1773831071299]-DUP-PAY Duplicate Payslip Emp,en_US,Asia/Colombo,,1,contact,,,,,0.0,0.0,test.1773831071299@test.example.com,,,seed_master_data_and_settings.company_jinasena_pvt_ltd,0,1,,,,,2026-03-18 10:51:27,,0,,0.0,no-message,0,0,no-message,no-message,no-message,automatic,VAT Not Registered,SVAT Nor Registered,0.0,
res_partner_test_1773890779160_emp_test_employee,test.1773890779160@test.example.com,0,[TEST-1773890779160]-EMP Test Employee,[TEST-1773890779160]-EMP Test Employee,en_US,Asia/Colombo,,1,contact,,,,,0.0,0.0,test.1773890779160@test.example.com,,,seed_master_data_and_settings.company_jinasena_pvt_ltd,0,1,,,,,2026-03-19 03:26:34,,0,,0.0,no-message,0,0,no-message,no-message,no-message,automatic,VAT Not Registered,SVAT Nor Registered,0.0,
res_partner_test_1773890782418_emp_test_employee,test.1773890782418@test.example.com,0,[TEST-1773890782418]-EMP Test Employee,[TEST-1773890782418]-EMP Test Employee,en_US,Asia/Colombo,,1,contact,,,,,0.0,0.0,test.1773890782418@test.example.com,,,seed_master_data_and_settings.company_jinasena_pvt_ltd,0,1,,,,,2026-03-19 03:26:38,,0,,0.0,no-message,0,0,no-message,no-message,no-message,automatic,VAT Not Registered,SVAT Nor Registered,0.0,
res_partner_test_1773890786582_emp_test_employee,test.1773890786582@test.example.com,0,[TEST-1773890786582]-EMP Test Employee,[TEST-1773890786582]-EMP Test Employee,en_US,Asia/Colombo,,1,contact,,,,,0.0,0.0,test.1773890786582@test.example.com,,,seed_master_data_and_settings.company_jinasena_pvt_ltd,0,1,,,,,2026-03-19 03:26:42,,0,,0.0,no-message,0,0,no-message,no-message,no-message,automatic,VAT Not Registered,SVAT Nor Registered,0.0,
res_partner_test_1773890793548_emp_test_employee,test.1773890793548@test.example.com,0,[TEST-1773890793548]-EMP Test Employee,[TEST-1773890793548]-EMP Test Employee,en_US,Asia/Colombo,,1,contact,,,,,0.0,0.0,test.1773890793548@test.example.com,,,seed_master_data_and_settings.company_jinasena_pvt_ltd,0,1,,,,,2026-03-19 03:26:49,,0,,0.0,no-message,0,0,no-message,no-message,no-message,automatic,VAT Not Registered,SVAT Nor Registered,0.0,
res_partner_test_1773890799354_emp_test_employee,test.1773890799354@test.example.com,0,[TEST-1773890799354]-EMP Test Employee,[TEST-1773890799354]-EMP Test Employee,en_US,Asia/Colombo,,1,contact,,,,,0.0,0.0,test.1773890799354@test.example.com,,,seed_master_data_and_settings.company_jinasena_pvt_ltd,0,1,,,,,2026-03-19 03:26:55,,0,,0.0,no-message,0,0,no-message,no-message,no-message,automatic,VAT Not Registered,SVAT Nor Registered,0.0,
res_partner_test_1773890806021_emp_test_employee,test.1773890806021@test.example.com,0,[TEST-1773890806021]-EMP Test Employee,[TEST-1773890806021]-EMP Test Employee,en_US,Asia/Colombo,,1,contact,,,,,0.0,0.0,test.1773890806021@test.example.com,,,seed_master_data_and_settings.company_jinasena_pvt_ltd,0,1,,,,,2026-03-19 03:27:02,,0,,0.0,no-message,0,0,no-message,no-message,no-message,automatic,VAT Not Registered,SVAT Nor Registered,0.0,
res_partner_test_1773890818234_emp_test_employee,test.1773890818234@test.example.com,0,[TEST-1773890818234]-EMP Test Employee,[TEST-1773890818234]-EMP Test Employee,en_US,Asia/Colombo,,1,contact,,,,,0.0,0.0,test.1773890818234@test.example.com,,,seed_master_data_and_settings.company_jinasena_pvt_ltd,0,1,,,,,2026-03-19 03:27:14,,0,,0.0,no-message,0,0,no-message,no-message,no-message,automatic,VAT Not Registered,SVAT Nor Registered,0.0,
res_partner_test_1773890818234_emp_test_employee_cop,,0,[TEST-1773890818234]-EMP Test Employee (copy),[TEST-1773890818234]-EMP Test Employee (copy),en_US,Asia/Colombo,,1,contact,,,,,0.0,0.0,,,,seed_master_data_and_settings.company_jinasena_pvt_ltd,0,1,,,,,2026-03-19 03:27:15,,0,,0.0,no-message,0,0,no-message,no-message,no-message,automatic,VAT Not Registered,SVAT Nor Registered,0.0,
res_partner_test_1773890866553_dupname_duplicate_emp,test.1773890866553@test.example.com,0,[TEST-1773890866553]-DUPNAME Duplicate Employee,[TEST-1773890866553]-DUPNAME Duplicate Employee,en_US,Asia/Colombo,,1,contact,,,,,0.0,0.0,test.1773890866553@test.example.com,,,seed_master_data_and_settings.company_jinasena_pvt_ltd,0,1,,,,,2026-03-19 03:28:06,,0,,0.0,no-message,0,0,no-message,no-message,no-message,automatic,VAT Not Registered,SVAT Nor Registered,0.0,
res_partner_test_1773890866553_dupname_duplicate_emp_7225,test.1773890866553@test.example.com,0,[TEST-1773890866553]-DUPNAME Duplicate Employee,[TEST-1773890866553]-DUPNAME Duplicate Employee,en_US,Asia/Colombo,,1,contact,,,,,0.0,0.0,test.1773890866553@test.example.com,,,seed_master_data_and_settings.company_jinasena_pvt_ltd,0,1,,,,,2026-03-19 03:28:04,,0,,0.0,no-message,0,0,no-message,no-message,no-message,automatic,VAT Not Registered,SVAT Nor Registered,0.0,
res_partner_test_1773890866553_dupname_duplicate_emp_7224,test.1773890866553@test.example.com,0,[TEST-1773890866553]-DUPNAME Duplicate Employee,[TEST-1773890866553]-DUPNAME Duplicate Employee,en_US,Asia/Colombo,,1,contact,,,,,0.0,0.0,test.1773890866553@test.example.com,,,seed_master_data_and_settings.company_jinasena_pvt_ltd,0,1,,,,,2026-03-19 03:28:04,,0,,0.0,no-message,0,0,no-message,no-message,no-message,automatic,VAT Not Registered,SVAT Nor Registered,0.0,
res_partner_test_1773890882545_inv_email_test,,0,[TEST-1773890882545]-INV-EMAIL Test,[TEST-1773890882545]-INV-EMAIL Test,en_US,Asia/Colombo,,1,contact,,,,,0.0,0.0,not-a-valid-email,,,seed_master_data_and_settings.company_jinasena_pvt_ltd,0,1,,,,,2026-03-19 03:28:16,,0,,0.0,no-message,0,0,no-message,no-message,no-message,automatic,VAT Not Registered,SVAT Nor Registered,0.0,
res_partner_test_1773890884834_emp_test_employee,test.1773890884834@test.example.com,0,[TEST-1773890884834]-EMP Test Employee,[TEST-1773890884834]-EMP Test Employee,en_US,Asia/Colombo,,1,contact,,,,,0.0,0.0,test.1773890884834@test.example.com,,,seed_master_data_and_settings.company_jinasena_pvt_ltd,0,1,,,,,2026-03-19 03:28:23,,0,,0.0,no-message,0,0,no-message,no-message,no-message,automatic,VAT Not Registered,SVAT Nor Registered,0.0,
res_partner_test_1773890892541_emp_test_employee,test.1773890892541@test.example.com,0,[TEST-1773890892541]-EMP Test Employee,[TEST-1773890892541]-EMP Test Employee,en_US,Asia/Colombo,,1,contact,,,,,0.0,0.0,test.1773890892541@test.example.com,,,seed_master_data_and_settings.company_jinasena_pvt_ltd,0,1,,,,,2026-03-19 03:28:30,,0,,0.0,no-message,0,0,no-message,no-message,no-message,automatic,VAT Not Registered,SVAT Nor Registered,0.0,
res_partner_test_1773890899028_emp_test_employee,test.1773890899028@test.example.com,0,[TEST-1773890899028]-EMP Test Employee,[TEST-1773890899028]-EMP Test Employee,en_US,Asia/Colombo,,1,contact,,,,,0.0,0.0,test.1773890899028@test.example.com,,,seed_master_data_and_settings.company_jinasena_pvt_ltd,0,1,,,,,2026-03-19 03:28:36,,0,,0.0,no-message,0,0,no-message,no-message,no-message,automatic,VAT Not Registered,SVAT Nor Registered,0.0,
res_partner_test_1773890903922_longname_aaaaaaaaaaaa,,0,[TEST-1773890903922]-LONGNAME-AAAAAAAAAAAAAAAAAAAAAAAAAAAAAAAAAAAAAAAAAAAAAAAAAAAAAAAAAAAAAAAAAAAAAAAAAAAAAAAAAAAAAAAAAAAAAAAAAAAAAAAAAAAAAAAAAAAAAAAAAAAAAAAAAAAAAAAAAAAAAAAAAAAAAAAAAAAAAAAAAAAAAAAAAAAAAAAAAAAAAAAAAAAAAAAAAAAAAAAAAAAAAAAAAAAAAAAAAAAAAAAAAAAAAAAAAAAAAAAA,[TEST-1773890903922]-LONGNAME-AAAAAAAAAAAAAAAAAAAAAAAAAAAAAAAAAAAAAAAAAAAAAAAAAAAAAAAAAAAAAAAAAAAAAAAAAAAAAAAAAAAAAAAAAAAAAAAAAAAAAAAAAAAAAAAAAAAAAAAAAAAAAAAAAAAAAAAAAAAAAAAAAAAAAAAAAAAAAAAAAAAAAAAAAAAAAAAAAAAAAAAAAAAAAAAAAAAAAAAAAAAAAAAAAAAAAAAAAAAAAAAAAAAAAAAAAAAAAAAA,en_US,Asia/Colombo,,1,contact,,,,,0.0,0.0,,,,seed_master_data_and_settings.company_jinasena_pvt_ltd,0,1,,,,,2026-03-19 03:28:40,,0,,0.0,no-message,0,0,no-message,no-message,no-message,automatic,VAT Not Registered,SVAT Nor Registered,0.0,
res_partner_test_1773890938122_special_o_brien,test.1773890938122@test.example.com,0,[TEST-1773890938122]-SPECIAL O'Brien,[TEST-1773890938122]-SPECIAL O'Brien,en_US,Asia/Colombo,,1,contact,,,,,0.0,0.0,test.1773890938122@test.example.com,,,seed_master_data_and_settings.company_jinasena_pvt_ltd,0,1,,,,,2026-03-19 03:29:15,,0,,0.0,no-message,0,0,no-message,no-message,no-message,automatic,VAT Not Registered,SVAT Nor Registered,0.0,
res_partner_test_1773890943756_special_m_ller,test.1773890943756@test.example.com,0,[TEST-1773890943756]-SPECIAL Müller,[TEST-1773890943756]-SPECIAL Müller,en_US,Asia/Colombo,,1,contact,,,,,0.0,0.0,test.1773890943756@test.example.com,,,seed_master_data_and_settings.company_jinasena_pvt_ltd,0,1,,,,,2026-03-19 03:29:20,,0,,0.0,no-message,0,0,no-message,no-message,no-message,automatic,VAT Not Registered,SVAT Nor Registered,0.0,
res_partner_test_1773890947844_special,test.1773890947844@test.example.com,0,[TEST-1773890947844]-SPECIAL 李明,[TEST-1773890947844]-SPECIAL 李明,en_US,Asia/Colombo,,1,contact,,,,,0.0,0.0,test.1773890947844@test.example.com,,,seed_master_data_and_settings.company_jinasena_pvt_ltd,0,1,,,,,2026-03-19 03:29:25,,0,,0.0,no-message,0,0,no-message,no-message,no-message,automatic,VAT Not Registered,SVAT Nor Registered,0.0,
res_partner_test_1773890952830_xss_script_alert_1_sc,test.1773890952830@test.example.com,0,[TEST-1773890952830]-XSS <script>alert(1)</script>,[TEST-1773890952830]-XSS <script>alert(1)</script>,en_US,Asia/Colombo,,1,contact,,,,,0.0,0.0,test.1773890952830@test.example.com,,,seed_master_data_and_settings.company_jinasena_pvt_ltd,0,1,,,,,2026-03-19 03:29:33,,0,,0.0,no-message,0,0,no-message,no-message,no-message,automatic,VAT Not Registered,SVAT Nor Registered,0.0,
res_partner_test_1773890952830_xss_script_alert_1_sc_7236,test.1773890952830@test.example.com,0,[TEST-1773890952830]-XSS <script>alert(1)</script>,[TEST-1773890952830]-XSS <script>alert(1)</script>,en_US,Asia/Colombo,,1,contact,,,,,0.0,0.0,test.1773890952830@test.example.com,,,seed_master_data_and_settings.company_jinasena_pvt_ltd,0,1,,,,,2026-03-19 03:29:30,,0,,0.0,no-message,0,0,no-message,no-message,no-message,automatic,VAT Not Registered,SVAT Nor Registered,0.0,
res_partner_test_1773891452845_att_emp_attendance_em,test.1773891452845@test.example.com,0,[TEST-1773891452845]-ATT-EMP Attendance Employee,[TEST-1773891452845]-ATT-EMP Attendance Employee,en_US,Asia/Colombo,,1,contact,,,,,0.0,0.0,test.1773891452845@test.example.com,,,seed_master_data_and_settings.company_jinasena_pvt_ltd,0,1,,,,,2026-03-19 03:37:51,,0,,0.0,no-message,0,0,no-message,no-message,no-message,automatic,VAT Not Registered,SVAT Nor Registered,0.0,
res_partner_test_1773891475978_att_emp_attendance_em,test.1773891475978@test.example.com,0,[TEST-1773891475978]-ATT-EMP Attendance Employee,[TEST-1773891475978]-ATT-EMP Attendance Employee,en_US,Asia/Colombo,,1,contact,,,,,0.0,0.0,test.1773891475978@test.example.com,,,seed_master_data_and_settings.company_jinasena_pvt_ltd,0,1,,,,,2026-03-19 03:38:14,,0,,0.0,no-message,0,0,no-message,no-message,no-message,automatic,VAT Not Registered,SVAT Nor Registered,0.0,
res_partner_test_1773891515365_att_emp_attendance_em,test.1773891515365@test.example.com,0,[TEST-1773891515365]-ATT-EMP Attendance Employee,[TEST-1773891515365]-ATT-EMP Attendance Employee,en_US,Asia/Colombo,,1,contact,,,,,0.0,0.0,test.1773891515365@test.example.com,,,seed_master_data_and_settings.company_jinasena_pvt_ltd,0,1,,,,,2026-03-19 03:38:52,,0,,0.0,no-message,0,0,no-message,no-message,no-message,automatic,VAT Not Registered,SVAT Nor Registered,0.0,
res_partner_test_1773891537523_att_emp_attendance_em,test.1773891537523@test.example.com,0,[TEST-1773891537523]-ATT-EMP Attendance Employee,[TEST-1773891537523]-ATT-EMP Attendance Employee,en_US,Asia/Colombo,,1,contact,,,,,0.0,0.0,test.1773891537523@test.example.com,,,seed_master_data_and_settings.company_jinasena_pvt_ltd,0,1,,,,,2026-03-19 03:39:15,,0,,0.0,no-message,0,0,no-message,no-message,no-message,automatic,VAT Not Registered,SVAT Nor Registered,0.0,
res_partner_test_1773891577097_att_emp_attendance_em,test.1773891577097@test.example.com,0,[TEST-1773891577097]-ATT-EMP Attendance Employee,[TEST-1773891577097]-ATT-EMP Attendance Employee,en_US,Asia/Colombo,,1,contact,,,,,0.0,0.0,test.1773891577097@test.example.com,,,seed_master_data_and_settings.company_jinasena_pvt_ltd,0,1,,,,,2026-03-19 03:39:55,,0,,0.0,no-message,0,0,no-message,no-message,no-message,automatic,VAT Not Registered,SVAT Nor Registered,0.0,
res_partner_test_1773891604135_att_emp_attendance_em,test.1773891604135@test.example.com,0,[TEST-1773891604135]-ATT-EMP Attendance Employee,[TEST-1773891604135]-ATT-EMP Attendance Employee,en_US,Asia/Colombo,,1,contact,,,,,0.0,0.0,test.1773891604135@test.example.com,,,seed_master_data_and_settings.company_jinasena_pvt_ltd,0,1,,,,,2026-03-19 03:40:22,,0,,0.0,no-message,0,0,no-message,no-message,no-message,automatic,VAT Not Registered,SVAT Nor Registered,0.0,
res_partner_test_1773891643178_att_edge_attendance_e,test.1773891643178@test.example.com,0,[TEST-1773891643178]-ATT-EDGE Attendance Edge Employee,[TEST-1773891643178]-ATT-EDGE Attendance Edge Employee,en_US,Asia/Colombo,,1,contact,,,,,0.0,0.0,test.1773891643178@test.example.com,,,seed_master_data_and_settings.company_jinasena_pvt_ltd,0,1,,,,,2026-03-19 03:41:01,,0,,0.0,no-message,0,0,no-message,no-message,no-message,automatic,VAT Not Registered,SVAT Nor Registered,0.0,
res_partner_test_1773891667094_att_edge_attendance_e,test.1773891667094@test.example.com,0,[TEST-1773891667094]-ATT-EDGE Attendance Edge Employee,[TEST-1773891667094]-ATT-EDGE Attendance Edge Employee,en_US,Asia/Colombo,,1,contact,,,,,0.0,0.0,test.1773891667094@test.example.com,,,seed_master_data_and_settings.company_jinasena_pvt_ltd,0,1,,,,,2026-03-19 03:41:25,,0,,0.0,no-message,0,0,no-message,no-message,no-message,automatic,VAT Not Registered,SVAT Nor Registered,0.0,
res_partner_test_1773891691494_att_edge_attendance_e,test.1773891691494@test.example.com,0,[TEST-1773891691494]-ATT-EDGE Attendance Edge Employee,[TEST-1773891691494]-ATT-EDGE Attendance Edge Employee,en_US,Asia/Colombo,,1,contact,,,,,0.0,0.0,test.1773891691494@test.example.com,,,seed_master_data_and_settings.company_jinasena_pvt_ltd,0,1,,,,,2026-03-19 03:41:49,,0,,0.0,no-message,0,0,no-message,no-message,no-message,automatic,VAT Not Registered,SVAT Nor Registered,0.0,
res_partner_test_1773891714527_att_edge_attendance_e,test.1773891714527@test.example.com,0,[TEST-1773891714527]-ATT-EDGE Attendance Edge Employee,[TEST-1773891714527]-ATT-EDGE Attendance Edge Employee,en_US,Asia/Colombo,,1,contact,,,,,0.0,0.0,test.1773891714527@test.example.com,,,seed_master_data_and_settings.company_jinasena_pvt_ltd,0,1,,,,,2026-03-19 03:42:13,,0,,0.0,no-message,0,0,no-message,no-message,no-message,automatic,VAT Not Registered,SVAT Nor Registered,0.0,
res_partner_test_1773891755598_att_edge_attendance_e,test.1773891755598@test.example.com,0,[TEST-1773891755598]-ATT-EDGE Attendance Edge Employee,[TEST-1773891755598]-ATT-EDGE Attendance Edge Employee,en_US,Asia/Colombo,,1,contact,,,,,0.0,0.0,test.1773891755598@test.example.com,,,seed_master_data_and_settings.company_jinasena_pvt_ltd,0,1,,,,,2026-03-19 03:42:53,,0,,0.0,no-message,0,0,no-message,no-message,no-message,automatic,VAT Not Registered,SVAT Nor Registered,0.0,
res_partner_test_1773891759836_att_arch_archived_att,test.1773891759836@test.example.com,0,[TEST-1773891759836]-ATT-ARCH Archived Att Employee,[TEST-1773891759836]-ATT-ARCH Archived Att Employee,en_US,Asia/Colombo,,1,contact,,,,,0.0,0.0,test.1773891759836@test.example.com,,,seed_master_data_and_settings.company_jinasena_pvt_ltd,0,1,,,,,2026-03-19 03:42:57,,0,,0.0,no-message,0,0,no-message,no-message,no-message,automatic,VAT Not Registered,SVAT Nor Registered,0.0,
res_partner_test_1773891782840_att_edge_attendance_e,test.1773891782840@test.example.com,0,[TEST-1773891782840]-ATT-EDGE Attendance Edge Employee,[TEST-1773891782840]-ATT-EDGE Attendance Edge Employee,en_US,Asia/Colombo,,1,contact,,,,,0.0,0.0,test.1773891782840@test.example.com,,,seed_master_data_and_settings.company_jinasena_pvt_ltd,0,1,,,,,2026-03-19 03:43:21,,0,,0.0,no-message,0,0,no-message,no-message,no-message,automatic,VAT Not Registered,SVAT Nor Registered,0.0,
res_partner_test_1773891787840_att_arch_archived_att,test.1773891787840@test.example.com,0,[TEST-1773891787840]-ATT-ARCH Archived Att Employee,[TEST-1773891787840]-ATT-ARCH Archived Att Employee,en_US,Asia/Colombo,,1,contact,,,,,0.0,0.0,test.1773891787840@test.example.com,,,seed_master_data_and_settings.company_jinasena_pvt_ltd,0,1,,,,,2026-03-19 03:43:25,,0,,0.0,no-message,0,0,no-message,no-message,no-message,automatic,VAT Not Registered,SVAT Nor Registered,0.0,
res_partner_test_1773891827815_att_edge_attendance_e,test.1773891827815@test.example.com,0,[TEST-1773891827815]-ATT-EDGE Attendance Edge Employee,[TEST-1773891827815]-ATT-EDGE Attendance Edge Employee,en_US,Asia/Colombo,,1,contact,,,,,0.0,0.0,test.1773891827815@test.example.com,,,seed_master_data_and_settings.company_jinasena_pvt_ltd,0,1,,,,,2026-03-19 03:44:05,,0,,0.0,no-message,0,0,no-message,no-message,no-message,automatic,VAT Not Registered,SVAT Nor Registered,0.0,
res_partner_test_1773891850471_att_edge_attendance_e,test.1773891850471@test.example.com,0,[TEST-1773891850471]-ATT-EDGE Attendance Edge Employee,[TEST-1773891850471]-ATT-EDGE Attendance Edge Employee,en_US,Asia/Colombo,,1,contact,,,,,0.0,0.0,test.1773891850471@test.example.com,,,seed_master_data_and_settings.company_jinasena_pvt_ltd,0,1,,,,,2026-03-19 03:44:28,,0,,0.0,no-message,0,0,no-message,no-message,no-message,automatic,VAT Not Registered,SVAT Nor Registered,0.0,
res_partner_test_1773892147235_att_emp_attendance_em,test.1773892147235@test.example.com,0,[TEST-1773892147235]-ATT-EMP Attendance Employee,[TEST-1773892147235]-ATT-EMP Attendance Employee,en_US,Asia/Colombo,,1,contact,,,,,0.0,0.0,test.1773892147235@test.example.com,,,seed_master_data_and_settings.company_jinasena_pvt_ltd,0,1,,,,,2026-03-19 03:49:25,,0,,0.0,no-message,0,0,no-message,no-message,no-message,automatic,VAT Not Registered,SVAT Nor Registered,0.0,
res_partner_test_1773892169859_att_emp_attendance_em,test.1773892169859@test.example.com,0,[TEST-1773892169859]-ATT-EMP Attendance Employee,[TEST-1773892169859]-ATT-EMP Attendance Employee,en_US,Asia/Colombo,,1,contact,,,,,0.0,0.0,test.1773892169859@test.example.com,,,seed_master_data_and_settings.company_jinasena_pvt_ltd,0,1,,,,,2026-03-19 03:49:48,,0,,0.0,no-message,0,0,no-message,no-message,no-message,automatic,VAT Not Registered,SVAT Nor Registered,0.0,
res_partner_test_1773892210401_att_emp_attendance_em,test.1773892210401@test.example.com,0,[TEST-1773892210401]-ATT-EMP Attendance Employee,[TEST-1773892210401]-ATT-EMP Attendance Employee,en_US,Asia/Colombo,,1,contact,,,,,0.0,0.0,test.1773892210401@test.example.com,,,seed_master_data_and_settings.company_jinasena_pvt_ltd,0,1,,,,,2026-03-19 03:50:28,,0,,0.0,no-message,0,0,no-message,no-message,no-message,automatic,VAT Not Registered,SVAT Nor Registered,0.0,
res_partner_test_1773892233023_att_emp_attendance_em,test.1773892233023@test.example.com,0,[TEST-1773892233023]-ATT-EMP Attendance Employee,[TEST-1773892233023]-ATT-EMP Attendance Employee,en_US,Asia/Colombo,,1,contact,,,,,0.0,0.0,test.1773892233023@test.example.com,,,seed_master_data_and_settings.company_jinasena_pvt_ltd,0,1,,,,,2026-03-19 03:50:51,,0,,0.0,no-message,0,0,no-message,no-message,no-message,automatic,VAT Not Registered,SVAT Nor Registered,0.0,
res_partner_test_1773892273035_att_emp_attendance_em,test.1773892273035@test.example.com,0,[TEST-1773892273035]-ATT-EMP Attendance Employee,[TEST-1773892273035]-ATT-EMP Attendance Employee,en_US,Asia/Colombo,,1,contact,,,,,0.0,0.0,test.1773892273035@test.example.com,,,seed_master_data_and_settings.company_jinasena_pvt_ltd,0,1,,,,,2026-03-19 03:51:31,,0,,0.0,no-message,0,0,no-message,no-message,no-message,automatic,VAT Not Registered,SVAT Nor Registered,0.0,
res_partner_test_1773892298699_att_emp_attendance_em,test.1773892298699@test.example.com,0,[TEST-1773892298699]-ATT-EMP Attendance Employee,[TEST-1773892298699]-ATT-EMP Attendance Employee,en_US,Asia/Colombo,,1,contact,,,,,0.0,0.0,test.1773892298699@test.example.com,,,seed_master_data_and_settings.company_jinasena_pvt_ltd,0,1,,,,,2026-03-19 03:51:56,,0,,0.0,no-message,0,0,no-message,no-message,no-message,automatic,VAT Not Registered,SVAT Nor Registered,0.0,
res_partner_test_1773892670875_att_emp_attendance_em,test.1773892670875@test.example.com,0,[TEST-1773892670875]-ATT-EMP Attendance Employee,[TEST-1773892670875]-ATT-EMP Attendance Employee,en_US,Asia/Colombo,,1,contact,,,,,0.0,0.0,test.1773892670875@test.example.com,,,seed_master_data_and_settings.company_jinasena_pvt_ltd,0,1,,,,,2026-03-19 03:58:08,,0,,0.0,no-message,0,0,no-message,no-message,no-message,automatic,VAT Not Registered,SVAT Nor Registered,0.0,
res_partner_test_1773892708034_att_emp_attendance_em,test.1773892708034@test.example.com,0,[TEST-1773892708034]-ATT-EMP Attendance Employee,[TEST-1773892708034]-ATT-EMP Attendance Employee,en_US,Asia/Colombo,,1,contact,,,,,0.0,0.0,test.1773892708034@test.example.com,,,seed_master_data_and_settings.company_jinasena_pvt_ltd,0,1,,,,,2026-03-19 03:58:46,,0,,0.0,no-message,0,0,no-message,no-message,no-message,automatic,VAT Not Registered,SVAT Nor Registered,0.0,
res_partner_test_1773892751993_att_emp_attendance_em,test.1773892751993@test.example.com,0,[TEST-1773892751993]-ATT-EMP Attendance Employee,[TEST-1773892751993]-ATT-EMP Attendance Employee,en_US,Asia/Colombo,,1,contact,,,,,0.0,0.0,test.1773892751993@test.example.com,,,seed_master_data_and_settings.company_jinasena_pvt_ltd,0,1,,,,,2026-03-19 03:59:30,,0,,0.0,no-message,0,0,no-message,no-message,no-message,automatic,VAT Not Registered,SVAT Nor Registered,0.0,
res_partner_test_1773892798341_att_emp_attendance_em,test.1773892798341@test.example.com,0,[TEST-1773892798341]-ATT-EMP Attendance Employee,[TEST-1773892798341]-ATT-EMP Attendance Employee,en_US,Asia/Colombo,,1,contact,,,,,0.0,0.0,test.1773892798341@test.example.com,,,seed_master_data_and_settings.company_jinasena_pvt_ltd,0,1,,,,,2026-03-19 04:00:16,,0,,0.0,no-message,0,0,no-message,no-message,no-message,automatic,VAT Not Registered,SVAT Nor Registered,0.0,
res_partner_test_1773892820414_att_edge_attendance_e,test.1773892820414@test.example.com,0,[TEST-1773892820414]-ATT-EDGE Attendance Edge Employee,[TEST-1773892820414]-ATT-EDGE Attendance Edge Employee,en_US,Asia/Colombo,,1,contact,,,,,0.0,0.0,test.1773892820414@test.example.com,,,seed_master_data_and_settings.company_jinasena_pvt_ltd,0,1,,,,,2026-03-19 04:00:38,,0,,0.0,no-message,0,0,no-message,no-message,no-message,automatic,VAT Not Registered,SVAT Nor Registered,0.0,
res_partner_test_1773892857651_att_edge_attendance_e,test.1773892857651@test.example.com,0,[TEST-1773892857651]-ATT-EDGE Attendance Edge Employee,[TEST-1773892857651]-ATT-EDGE Attendance Edge Employee,en_US,Asia/Colombo,,1,contact,,,,,0.0,0.0,test.1773892857651@test.example.com,,,seed_master_data_and_settings.company_jinasena_pvt_ltd,0,1,,,,,2026-03-19 04:01:15,,0,,0.0,no-message,0,0,no-message,no-message,no-message,automatic,VAT Not Registered,SVAT Nor Registered,0.0,
res_partner_test_1773892895975_att_edge_attendance_e,test.1773892895975@test.example.com,0,[TEST-1773892895975]-ATT-EDGE Attendance Edge Employee,[TEST-1773892895975]-ATT-EDGE Attendance Edge Employee,en_US,Asia/Colombo,,1,contact,,,,,0.0,0.0,test.1773892895975@test.example.com,,,seed_master_data_and_settings.company_jinasena_pvt_ltd,0,1,,,,,2026-03-19 04:01:53,,0,,0.0,no-message,0,0,no-message,no-message,no-message,automatic,VAT Not Registered,SVAT Nor Registered,0.0,
res_partner_test_1773892933014_att_edge_attendance_e,test.1773892933014@test.example.com,0,[TEST-1773892933014]-ATT-EDGE Attendance Edge Employee,[TEST-1773892933014]-ATT-EDGE Attendance Edge Employee,en_US,Asia/Colombo,,1,contact,,,,,0.0,0.0,test.1773892933014@test.example.com,,,seed_master_data_and_settings.company_jinasena_pvt_ltd,0,1,,,,,2026-03-19 04:02:31,,0,,0.0,no-message,0,0,no-message,no-message,no-message,automatic,VAT Not Registered,SVAT Nor Registered,0.0,
res_partner_test_1773892971493_att_edge_attendance_e,test.1773892971493@test.example.com,0,[TEST-1773892971493]-ATT-EDGE Attendance Edge Employee,[TEST-1773892971493]-ATT-EDGE Attendance Edge Employee,en_US,Asia/Colombo,,1,contact,,,,,0.0,0.0,test.1773892971493@test.example.com,,,seed_master_data_and_settings.company_jinasena_pvt_ltd,0,1,,,,,2026-03-19 04:03:09,,0,,0.0,no-message,0,0,no-message,no-message,no-message,automatic,VAT Not Registered,SVAT Nor Registered,0.0,
res_partner_test_1773892975566_att_arch_archived_att,test.1773892975566@test.example.com,0,[TEST-1773892975566]-ATT-ARCH Archived Att Employee,[TEST-1773892975566]-ATT-ARCH Archived Att Employee,en_US,Asia/Colombo,,1,contact,,,,,0.0,0.0,test.1773892975566@test.example.com,,,seed_master_data_and_settings.company_jinasena_pvt_ltd,0,1,,,,,2026-03-19 04:03:13,,0,,0.0,no-message,0,0,no-message,no-message,no-message,automatic,VAT Not Registered,SVAT Nor Registered,0.0,
res_partner_test_1773893014133_att_edge_attendance_e,test.1773893014133@test.example.com,0,[TEST-1773893014133]-ATT-EDGE Attendance Edge Employee,[TEST-1773893014133]-ATT-EDGE Attendance Edge Employee,en_US,Asia/Colombo,,1,contact,,,,,0.0,0.0,test.1773893014133@test.example.com,,,seed_master_data_and_settings.company_jinasena_pvt_ltd,0,1,,,,,2026-03-19 04:03:52,,0,,0.0,no-message,0,0,no-message,no-message,no-message,automatic,VAT Not Registered,SVAT Nor Registered,0.0,
res_partner_test_1773893018442_att_arch_archived_att,test.1773893018442@test.example.com,0,[TEST-1773893018442]-ATT-ARCH Archived Att Employee,[TEST-1773893018442]-ATT-ARCH Archived Att Employee,en_US,Asia/Colombo,,1,contact,,,,,0.0,0.0,test.1773893018442@test.example.com,,,seed_master_data_and_settings.company_jinasena_pvt_ltd,0,1,,,,,2026-03-19 04:03:56,,0,,0.0,no-message,0,0,no-message,no-message,no-message,automatic,VAT Not Registered,SVAT Nor Registered,0.0,
res_partner_test_1773893058370_att_edge_attendance_e,test.1773893058370@test.example.com,0,[TEST-1773893058370]-ATT-EDGE Attendance Edge Employee,[TEST-1773893058370]-ATT-EDGE Attendance Edge Employee,en_US,Asia/Colombo,,1,contact,,,,,0.0,0.0,test.1773893058370@test.example.com,,,seed_master_data_and_settings.company_jinasena_pvt_ltd,0,1,,,,,2026-03-19 04:04:36,,0,,0.0,no-message,0,0,no-message,no-message,no-message,automatic,VAT Not Registered,SVAT Nor Registered,0.0,
res_partner_test_1773893095582_att_edge_attendance_e,test.1773893095582@test.example.com,0,[TEST-1773893095582]-ATT-EDGE Attendance Edge Employee,[TEST-1773893095582]-ATT-EDGE Attendance Edge Employee,en_US,Asia/Colombo,,1,contact,,,,,0.0,0.0,test.1773893095582@test.example.com,,,seed_master_data_and_settings.company_jinasena_pvt_ltd,0,1,,,,,2026-03-19 04:05:13,,0,,0.0,no-message,0,0,no-message,no-message,no-message,automatic,VAT Not Registered,SVAT Nor Registered,0.0,
res_partner_test_1773894078917_att_emp_attendance_em,test.1773894078917@test.example.com,0,[TEST-1773894078917]-ATT-EMP Attendance Employee,[TEST-1773894078917]-ATT-EMP Attendance Employee,en_US,Asia/Colombo,,1,contact,,,,,0.0,0.0,test.1773894078917@test.example.com,,,seed_master_data_and_settings.company_jinasena_pvt_ltd,0,1,,,,,2026-03-19 04:21:38,,0,,0.0,no-message,0,0,no-message,no-message,no-message,automatic,VAT Not Registered,SVAT Nor Registered,0.0,
res_partner_test_1773894102278_att_edge_attendance_e,,0,[TEST-1773894102278]-ATT-EDGE Attendance Edge Employee,[TEST-1773894102278]-ATT-EDGE Attendance Edge Employee,en_US,Asia/Colombo,,1,contact,,,,,0.0,0.0,,,,seed_master_data_and_settings.company_jinasena_pvt_ltd,0,1,,,,,2026-03-19 04:24:03,,0,,0.0,no-message,0,0,no-message,no-message,no-message,automatic,VAT Not Registered,SVAT Nor Registered,0.0,
res_partner_test_1773894182186_att_arch_archived_att,test.1773894182186@test.example.com,0,[TEST-1773894182186]-ATT-ARCH Archived Att Employee,[TEST-1773894182186]-ATT-ARCH Archived Att Employee,en_US,Asia/Colombo,,1,contact,,,,,0.0,0.0,test.1773894182186@test.example.com,,,seed_master_data_and_settings.company_jinasena_pvt_ltd,0,1,,,,,2026-03-19 04:23:21,,0,,0.0,no-message,0,0,no-message,no-message,no-message,automatic,VAT Not Registered,SVAT Nor Registered,0.0,
res_partner_test_1773894584040_att_emp_attendance_em,test.1773894584041@test.example.com,0,[TEST-1773894584040]-ATT-EMP Attendance Employee,[TEST-1773894584040]-ATT-EMP Attendance Employee,en_US,Asia/Colombo,,1,contact,,,,,0.0,0.0,test.1773894584041@test.example.com,,,seed_master_data_and_settings.company_jinasena_pvt_ltd,0,1,,,,,2026-03-19 04:30:03,,0,,0.0,no-message,0,0,no-message,no-message,no-message,automatic,VAT Not Registered,SVAT Nor Registered,0.0,
res_partner_test_1773894653418_att_emp_attendance_em,test.1773894653419@test.example.com,0,[TEST-1773894653418]-ATT-EMP Attendance Employee,[TEST-1773894653418]-ATT-EMP Attendance Employee,en_US,Asia/Colombo,,1,contact,,,,,0.0,0.0,test.1773894653419@test.example.com,,,seed_master_data_and_settings.company_jinasena_pvt_ltd,0,1,,,,,2026-03-19 04:31:13,,0,,0.0,no-message,0,0,no-message,no-message,no-message,automatic,VAT Not Registered,SVAT Nor Registered,0.0,
res_partner_test_1773894725214_att_emp_attendance_em,test.1773894725214@test.example.com,0,[TEST-1773894725214]-ATT-EMP Attendance Employee,[TEST-1773894725214]-ATT-EMP Attendance Employee,en_US,Asia/Colombo,,1,contact,,,,,0.0,0.0,test.1773894725214@test.example.com,,,seed_master_data_and_settings.company_jinasena_pvt_ltd,0,1,,,,,2026-03-19 04:32:25,,0,,0.0,no-message,0,0,no-message,no-message,no-message,automatic,VAT Not Registered,SVAT Nor Registered,0.0,
res_partner_test_1773894797231_att_emp_attendance_em,test.1773894797231@test.example.com,0,[TEST-1773894797231]-ATT-EMP Attendance Employee,[TEST-1773894797231]-ATT-EMP Attendance Employee,en_US,Asia/Colombo,,1,contact,,,,,0.0,0.0,test.1773894797231@test.example.com,,,seed_master_data_and_settings.company_jinasena_pvt_ltd,0,1,,,,,2026-03-19 04:33:37,,0,,0.0,no-message,0,0,no-message,no-message,no-message,automatic,VAT Not Registered,SVAT Nor Registered,0.0,
res_partner_test_1773894871827_att_emp_attendance_em,test.1773894871827@test.example.com,0,[TEST-1773894871827]-ATT-EMP Attendance Employee,[TEST-1773894871827]-ATT-EMP Attendance Employee,en_US,Asia/Colombo,,1,contact,,,,,0.0,0.0,test.1773894871827@test.example.com,,,seed_master_data_and_settings.company_jinasena_pvt_ltd,0,1,,,,,2026-03-19 04:34:50,,0,,0.0,no-message,0,0,no-message,no-message,no-message,automatic,VAT Not Registered,SVAT Nor Registered,0.0,
res_partner_test_1773894941773_att_emp_attendance_em,test.1773894941773@test.example.com,0,[TEST-1773894941773]-ATT-EMP Attendance Employee,[TEST-1773894941773]-ATT-EMP Attendance Employee,en_US,Asia/Colombo,,1,contact,,,,,0.0,0.0,test.1773894941773@test.example.com,,,seed_master_data_and_settings.company_jinasena_pvt_ltd,0,1,,,,,2026-03-19 04:36:02,,0,,0.0,no-message,0,0,no-message,no-message,no-message,automatic,VAT Not Registered,SVAT Nor Registered,0.0,
res_partner_test_1773895035715_att_arch_archived_att,test.1773895035715@test.example.com,0,[TEST-1773895035715]-ATT-ARCH Archived Att Employee,[TEST-1773895035715]-ATT-ARCH Archived Att Employee,en_US,Asia/Colombo,,1,contact,,,,,0.0,0.0,test.1773895035715@test.example.com,,,seed_master_data_and_settings.company_jinasena_pvt_ltd,0,1,,,,,2026-03-19 04:37:33,,0,,0.0,no-message,0,0,no-message,no-message,no-message,automatic,VAT Not Registered,SVAT Nor Registered,0.0,
res_partner_test_1773895372944_att_emp_attendance_em,test.1773895372944@test.example.com,0,[TEST-1773895372944]-ATT-EMP Attendance Employee,[TEST-1773895372944]-ATT-EMP Attendance Employee,en_US,Asia/Colombo,,1,contact,,,,,0.0,0.0,test.1773895372944@test.example.com,,,seed_master_data_and_settings.company_jinasena_pvt_ltd,0,1,,,,,2026-03-19 04:43:10,,0,,0.0,no-message,0,0,no-message,no-message,no-message,automatic,VAT Not Registered,SVAT Nor Registered,0.0,
res_partner_test_1773895440840_att_emp_attendance_em,test.1773895440840@test.example.com,0,[TEST-1773895440840]-ATT-EMP Attendance Employee,[TEST-1773895440840]-ATT-EMP Attendance Employee,en_US,Asia/Colombo,,1,contact,,,,,0.0,0.0,test.1773895440840@test.example.com,,,seed_master_data_and_settings.company_jinasena_pvt_ltd,0,1,,,,,2026-03-19 04:44:18,,0,,0.0,no-message,0,0,no-message,no-message,no-message,automatic,VAT Not Registered,SVAT Nor Registered,0.0,
res_partner_test_1773895508951_att_emp_attendance_em,test.1773895508951@test.example.com,0,[TEST-1773895508951]-ATT-EMP Attendance Employee,[TEST-1773895508951]-ATT-EMP Attendance Employee,en_US,Asia/Colombo,,1,contact,,,,,0.0,0.0,test.1773895508951@test.example.com,,,seed_master_data_and_settings.company_jinasena_pvt_ltd,0,1,,,,,2026-03-19 04:45:26,,0,,0.0,no-message,0,0,no-message,no-message,no-message,automatic,VAT Not Registered,SVAT Nor Registered,0.0,
res_partner_test_1773895576507_att_emp_attendance_em,test.1773895576507@test.example.com,0,[TEST-1773895576507]-ATT-EMP Attendance Employee,[TEST-1773895576507]-ATT-EMP Attendance Employee,en_US,Asia/Colombo,,1,contact,,,,,0.0,0.0,test.1773895576507@test.example.com,,,seed_master_data_and_settings.company_jinasena_pvt_ltd,0,1,,,,,2026-03-19 04:46:34,,0,,0.0,no-message,0,0,no-message,no-message,no-message,automatic,VAT Not Registered,SVAT Nor Registered,0.0,
res_partner_test_1773895645564_att_emp_attendance_em,test.1773895645564@test.example.com,0,[TEST-1773895645564]-ATT-EMP Attendance Employee,[TEST-1773895645564]-ATT-EMP Attendance Employee,en_US,Asia/Colombo,,1,contact,,,,,0.0,0.0,test.1773895645564@test.example.com,,,seed_master_data_and_settings.company_jinasena_pvt_ltd,0,1,,,,,2026-03-19 04:47:44,,0,,0.0,no-message,0,0,no-message,no-message,no-message,automatic,VAT Not Registered,SVAT Nor Registered,0.0,
res_partner_test_1773895716588_att_emp_attendance_em,test.1773895716588@test.example.com,0,[TEST-1773895716588]-ATT-EMP Attendance Employee,[TEST-1773895716588]-ATT-EMP Attendance Employee,en_US,Asia/Colombo,,1,contact,,,,,0.0,0.0,test.1773895716588@test.example.com,,,seed_master_data_and_settings.company_jinasena_pvt_ltd,0,1,,,,,2026-03-19 04:48:54,,0,,0.0,no-message,0,0,no-message,no-message,no-message,automatic,VAT Not Registered,SVAT Nor Registered,0.0,
res_partner_test_1773895786250_att_edge_attendance_e,test.1773895786250@test.example.com,0,[TEST-1773895786250]-ATT-EDGE Attendance Edge Employee,[TEST-1773895786250]-ATT-EDGE Attendance Edge Employee,en_US,Asia/Colombo,,1,contact,,,,,0.0,0.0,test.1773895786250@test.example.com,,,seed_master_data_and_settings.company_jinasena_pvt_ltd,0,1,,,,,2026-03-19 04:50:04,,0,,0.0,no-message,0,0,no-message,no-message,no-message,automatic,VAT Not Registered,SVAT Nor Registered,0.0,
res_partner_test_1773895865009_att_arch_archived_att,test.1773895865009@test.example.com,0,[TEST-1773895865009]-ATT-ARCH Archived Att Employee,[TEST-1773895865009]-ATT-ARCH Archived Att Employee,en_US,Asia/Colombo,,1,contact,,,,,0.0,0.0,test.1773895865009@test.example.com,,,seed_master_data_and_settings.company_jinasena_pvt_ltd,0,1,,,,,2026-03-19 04:51:23,,0,,0.0,no-message,0,0,no-message,no-message,no-message,automatic,VAT Not Registered,SVAT Nor Registered,0.0,
res_partner_test_1773896465232_att_emp_attendance_em,test.1773896465232@test.example.com,0,[TEST-1773896465232]-ATT-EMP Attendance Employee,[TEST-1773896465232]-ATT-EMP Attendance Employee,en_US,Asia/Colombo,,1,contact,,,,,0.0,0.0,test.1773896465232@test.example.com,,,seed_master_data_and_settings.company_jinasena_pvt_ltd,0,1,,,,,2026-03-19 05:01:23,,0,,0.0,no-message,0,0,no-message,no-message,no-message,automatic,VAT Not Registered,SVAT Nor Registered,0.0,
res_partner_test_1773896521765_att_emp_attendance_em,test.1773896521765@test.example.com,0,[TEST-1773896521765]-ATT-EMP Attendance Employee,[TEST-1773896521765]-ATT-EMP Attendance Employee,en_US,Asia/Colombo,,1,contact,,,,,0.0,0.0,test.1773896521765@test.example.com,,,seed_master_data_and_settings.company_jinasena_pvt_ltd,0,1,,,,,2026-03-19 05:02:20,,0,,0.0,no-message,0,0,no-message,no-message,no-message,automatic,VAT Not Registered,SVAT Nor Registered,0.0,
res_partner_test_1773896566046_att_edge_attendance_e,test.1773896566046@test.example.com,0,[TEST-1773896566046]-ATT-EDGE Attendance Edge Employee,[TEST-1773896566046]-ATT-EDGE Attendance Edge Employee,en_US,Asia/Colombo,,1,contact,,,,,0.0,0.0,test.1773896566046@test.example.com,,,seed_master_data_and_settings.company_jinasena_pvt_ltd,0,1,,,,,2026-03-19 05:03:08,,0,,0.0,no-message,0,0,no-message,no-message,no-message,automatic,VAT Not Registered,SVAT Nor Registered,0.0,
res_partner_test_1773896656440_att_arch_archived_att,test.1773896656440@test.example.com,0,[TEST-1773896656440]-ATT-ARCH Archived Att Employee,[TEST-1773896656440]-ATT-ARCH Archived Att Employee,en_US,Asia/Colombo,,1,contact,,,,,0.0,0.0,test.1773896656440@test.example.com,,,seed_master_data_and_settings.company_jinasena_pvt_ltd,0,1,,,,,2026-03-19 05:04:38,,0,,0.0,no-message,0,0,no-message,no-message,no-message,automatic,VAT Not Registered,SVAT Nor Registered,0.0,
res_partner_test_1773897133662_att_emp_attendance_em,test.1773897133662@test.example.com,0,[TEST-1773897133662]-ATT-EMP Attendance Employee,[TEST-1773897133662]-ATT-EMP Attendance Employee,en_US,Asia/Colombo,,1,contact,,,,,0.0,0.0,test.1773897133662@test.example.com,,,seed_master_data_and_settings.company_jinasena_pvt_ltd,0,1,,,,,2026-03-19 05:12:31,,0,,0.0,no-message,0,0,no-message,no-message,no-message,automatic,VAT Not Registered,SVAT Nor Registered,0.0,
res_partner_test_1773897191229_att_emp_attendance_em,test.1773897191229@test.example.com,0,[TEST-1773897191229]-ATT-EMP Attendance Employee,[TEST-1773897191229]-ATT-EMP Attendance Employee,en_US,Asia/Colombo,,1,contact,,,,,0.0,0.0,test.1773897191229@test.example.com,,,seed_master_data_and_settings.company_jinasena_pvt_ltd,0,1,,,,,2026-03-19 05:13:30,,0,,0.0,no-message,0,0,no-message,no-message,no-message,automatic,VAT Not Registered,SVAT Nor Registered,0.0,
res_partner_test_1773897236553_att_edge_attendance_e,test.1773897236553@test.example.com,0,[TEST-1773897236553]-ATT-EDGE Attendance Edge Employee,[TEST-1773897236553]-ATT-EDGE Attendance Edge Employee,en_US,Asia/Colombo,,1,contact,,,,,0.0,0.0,test.1773897236553@test.example.com,,,seed_master_data_and_settings.company_jinasena_pvt_ltd,0,1,,,,,2026-03-19 05:14:14,,0,,0.0,no-message,0,0,no-message,no-message,no-message,automatic,VAT Not Registered,SVAT Nor Registered,0.0,
res_partner_test_1773897314534_att_arch_archived_att,test.1773897314534@test.example.com,0,[TEST-1773897314534]-ATT-ARCH Archived Att Employee,[TEST-1773897314534]-ATT-ARCH Archived Att Employee,en_US,Asia/Colombo,,1,contact,,,,,0.0,0.0,test.1773897314534@test.example.com,,,seed_master_data_and_settings.company_jinasena_pvt_ltd,0,1,,,,,2026-03-19 05:15:32,,0,,0.0,no-message,0,0,no-message,no-message,no-message,automatic,VAT Not Registered,SVAT Nor Registered,0.0,
res_partner_test_1773897537418_att_emp_attendance_em,test.1773897537418@test.example.com,0,[TEST-1773897537418]-ATT-EMP Attendance Employee,[TEST-1773897537418]-ATT-EMP Attendance Employee,en_US,Asia/Colombo,,1,contact,,,,,0.0,0.0,test.1773897537418@test.example.com,,,seed_master_data_and_settings.company_jinasena_pvt_ltd,0,1,,,,,2026-03-19 05:19:15,,0,,0.0,no-message,0,0,no-message,no-message,no-message,automatic,VAT Not Registered,SVAT Nor Registered,0.0,
res_partner_test_1773897593658_att_emp_attendance_em,test.1773897593658@test.example.com,0,[TEST-1773897593658]-ATT-EMP Attendance Employee,[TEST-1773897593658]-ATT-EMP Attendance Employee,en_US,Asia/Colombo,,1,contact,,,,,0.0,0.0,test.1773897593658@test.example.com,,,seed_master_data_and_settings.company_jinasena_pvt_ltd,0,1,,,,,2026-03-19 05:20:12,,0,,0.0,no-message,0,0,no-message,no-message,no-message,automatic,VAT Not Registered,SVAT Nor Registered,0.0,
res_partner_test_1773897637806_att_edge_attendance_e,test.1773897637806@test.example.com,0,[TEST-1773897637806]-ATT-EDGE Attendance Edge Employee,[TEST-1773897637806]-ATT-EDGE Attendance Edge Employee,en_US,Asia/Colombo,,1,contact,,,,,0.0,0.0,test.1773897637806@test.example.com,,,seed_master_data_and_settings.company_jinasena_pvt_ltd,0,1,,,,,2026-03-19 05:20:55,,0,,0.0,no-message,0,0,no-message,no-message,no-message,automatic,VAT Not Registered,SVAT Nor Registered,0.0,
res_partner_test_1773897715241_att_arch_archived_att,test.1773897715241@test.example.com,0,[TEST-1773897715241]-ATT-ARCH Archived Att Employee,[TEST-1773897715241]-ATT-ARCH Archived Att Employee,en_US,Asia/Colombo,,1,contact,,,,,0.0,0.0,test.1773897715241@test.example.com,,,seed_master_data_and_settings.company_jinasena_pvt_ltd,0,1,,,,,2026-03-19 05:22:13,,0,,0.0,no-message,0,0,no-message,no-message,no-message,automatic,VAT Not Registered,SVAT Nor Registered,0.0,
res_partner_test_1773897754003_att_edge_attendance_e,test.1773897754003@test.example.com,0,[TEST-1773897754003]-ATT-EDGE Attendance Edge Employee,[TEST-1773897754003]-ATT-EDGE Attendance Edge Employee,en_US,Asia/Colombo,,1,contact,,,,,0.0,0.0,test.1773897754003@test.example.com,,,seed_master_data_and_settings.company_jinasena_pvt_ltd,0,1,,,,,2026-03-19 05:22:52,,0,,0.0,no-message,0,0,no-message,no-message,no-message,automatic,VAT Not Registered,SVAT Nor Registered,0.0,
res_partner_test_1773897758671_att_arch_archived_att,test.1773897758671@test.example.com,0,[TEST-1773897758671]-ATT-ARCH Archived Att Employee,[TEST-1773897758671]-ATT-ARCH Archived Att Employee,en_US,Asia/Colombo,,1,contact,,,,,0.0,0.0,test.1773897758671@test.example.com,,,seed_master_data_and_settings.company_jinasena_pvt_ltd,0,1,,,,,2026-03-19 05:22:56,,0,,0.0,no-message,0,0,no-message,no-message,no-message,automatic,VAT Not Registered,SVAT Nor Registered,0.0,
res_partner_test_1773898047201_att_emp_attendance_em,test.1773898047201@test.example.com,0,[TEST-1773898047201]-ATT-EMP Attendance Employee,[TEST-1773898047201]-ATT-EMP Attendance Employee,en_US,Asia/Colombo,,1,contact,,,,,0.0,0.0,test.1773898047201@test.example.com,,,seed_master_data_and_settings.company_jinasena_pvt_ltd,0,1,,,,,2026-03-19 05:27:45,,0,,0.0,no-message,0,0,no-message,no-message,no-message,automatic,VAT Not Registered,SVAT Nor Registered,0.0,
res_partner_test_1773898082234_att_emp_attendance_em,test.1773898082234@test.example.com,0,[TEST-1773898082234]-ATT-EMP Attendance Employee,[TEST-1773898082234]-ATT-EMP Attendance Employee,en_US,Asia/Colombo,,1,contact,,,,,0.0,0.0,test.1773898082234@test.example.com,,,seed_master_data_and_settings.company_jinasena_pvt_ltd,0,1,,,,,2026-03-19 05:28:20,,0,,0.0,no-message,0,0,no-message,no-message,no-message,automatic,VAT Not Registered,SVAT Nor Registered,0.0,
res_partner_test_1773898125314_att_edge_attendance_e,test.1773898125314@test.example.com,0,[TEST-1773898125314]-ATT-EDGE Attendance Edge Employee,[TEST-1773898125314]-ATT-EDGE Attendance Edge Employee,en_US,Asia/Colombo,,1,contact,,,,,0.0,0.0,test.1773898125314@test.example.com,,,seed_master_data_and_settings.company_jinasena_pvt_ltd,0,1,,,,,2026-03-19 05:29:03,,0,,0.0,no-message,0,0,no-message,no-message,no-message,automatic,VAT Not Registered,SVAT Nor Registered,0.0,
res_partner_test_1773898203365_att_arch_archived_att,test.1773898203365@test.example.com,0,[TEST-1773898203365]-ATT-ARCH Archived Att Employee,[TEST-1773898203365]-ATT-ARCH Archived Att Employee,en_US,Asia/Colombo,,1,contact,,,,,0.0,0.0,test.1773898203365@test.example.com,,,seed_master_data_and_settings.company_jinasena_pvt_ltd,0,1,,,,,2026-03-19 05:30:21,,0,,0.0,no-message,0,0,no-message,no-message,no-message,automatic,VAT Not Registered,SVAT Nor Registered,0.0,
res_partner_test_1773898393033_att_emp_attendance_em,test.1773898393033@test.example.com,0,[TEST-1773898393033]-ATT-EMP Attendance Employee,[TEST-1773898393033]-ATT-EMP Attendance Employee,en_US,Asia/Colombo,,1,contact,,,,,0.0,0.0,test.1773898393033@test.example.com,,,seed_master_data_and_settings.company_jinasena_pvt_ltd,0,1,,,,,2026-03-19 05:33:30,,0,,0.0,no-message,0,0,no-message,no-message,no-message,automatic,VAT Not Registered,SVAT Nor Registered,0.0,
res_partner_test_1773898428698_att_emp_attendance_em,test.1773898428698@test.example.com,0,[TEST-1773898428698]-ATT-EMP Attendance Employee,[TEST-1773898428698]-ATT-EMP Attendance Employee,en_US,Asia/Colombo,,1,contact,,,,,0.0,0.0,test.1773898428698@test.example.com,,,seed_master_data_and_settings.company_jinasena_pvt_ltd,0,1,,,,,2026-03-19 05:34:07,,0,,0.0,no-message,0,0,no-message,no-message,no-message,automatic,VAT Not Registered,SVAT Nor Registered,0.0,
res_partner_test_1773898440088_att_edge_attendance_e,test.1773898440088@test.example.com,0,[TEST-1773898440088]-ATT-EDGE Attendance Edge Employee,[TEST-1773898440088]-ATT-EDGE Attendance Edge Employee,en_US,Asia/Colombo,,1,contact,,,,,0.0,0.0,test.1773898440088@test.example.com,,,seed_master_data_and_settings.company_jinasena_pvt_ltd,0,1,,,,,2026-03-19 05:34:18,,0,,0.0,no-message,0,0,no-message,no-message,no-message,automatic,VAT Not Registered,SVAT Nor Registered,0.0,
res_partner_test_1773898518241_att_arch_archived_att,test.1773898518241@test.example.com,0,[TEST-1773898518241]-ATT-ARCH Archived Att Employee,[TEST-1773898518241]-ATT-ARCH Archived Att Employee,en_US,Asia/Colombo,,1,contact,,,,,0.0,0.0,test.1773898518241@test.example.com,,,seed_master_data_and_settings.company_jinasena_pvt_ltd,0,1,,,,,2026-03-19 05:35:36,,0,,0.0,no-message,0,0,no-message,no-message,no-message,automatic,VAT Not Registered,SVAT Nor Registered,0.0,
res_partner_test_1773898644594_att_emp_attendance_em,test.1773898644594@test.example.com,0,[TEST-1773898644594]-ATT-EMP Attendance Employee,[TEST-1773898644594]-ATT-EMP Attendance Employee,en_US,Asia/Colombo,,1,contact,,,,,0.0,0.0,test.1773898644594@test.example.com,,,seed_master_data_and_settings.company_jinasena_pvt_ltd,0,1,,,,,2026-03-19 05:37:42,,0,,0.0,no-message,0,0,no-message,no-message,no-message,automatic,VAT Not Registered,SVAT Nor Registered,0.0,
res_partner_test_1773898681038_att_emp_attendance_em,test.1773898681038@test.example.com,0,[TEST-1773898681038]-ATT-EMP Attendance Employee,[TEST-1773898681038]-ATT-EMP Attendance Employee,en_US,Asia/Colombo,,1,contact,,,,,0.0,0.0,test.1773898681038@test.example.com,,,seed_master_data_and_settings.company_jinasena_pvt_ltd,0,1,,,,,2026-03-19 05:38:19,,0,,0.0,no-message,0,0,no-message,no-message,no-message,automatic,VAT Not Registered,SVAT Nor Registered,0.0,
res_partner_test_1773898694493_att_edge_attendance_e,test.1773898694493@test.example.com,0,[TEST-1773898694493]-ATT-EDGE Attendance Edge Employee,[TEST-1773898694493]-ATT-EDGE Attendance Edge Employee,en_US,Asia/Colombo,,1,contact,,,,,0.0,0.0,test.1773898694493@test.example.com,,,seed_master_data_and_settings.company_jinasena_pvt_ltd,0,1,,,,,2026-03-19 05:38:32,,0,,0.0,no-message,0,0,no-message,no-message,no-message,automatic,VAT Not Registered,SVAT Nor Registered,0.0,
res_partner_test_1773898772824_att_arch_archived_att,test.1773898772824@test.example.com,0,[TEST-1773898772824]-ATT-ARCH Archived Att Employee,[TEST-1773898772824]-ATT-ARCH Archived Att Employee,en_US,Asia/Colombo,,1,contact,,,,,0.0,0.0,test.1773898772824@test.example.com,,,seed_master_data_and_settings.company_jinasena_pvt_ltd,0,1,,,,,2026-03-19 05:39:50,,0,,0.0,no-message,0,0,no-message,no-message,no-message,automatic,VAT Not Registered,SVAT Nor Registered,0.0,
res_partner_test_1773899025276_att_emp_attendance_em,test.1773899025276@test.example.com,0,[TEST-1773899025276]-ATT-EMP Attendance Employee,[TEST-1773899025276]-ATT-EMP Attendance Employee,en_US,Asia/Colombo,,1,contact,,,,,0.0,0.0,test.1773899025276@test.example.com,,,seed_master_data_and_settings.company_jinasena_pvt_ltd,0,1,,,,,2026-03-19 05:44:03,,0,,0.0,no-message,0,0,no-message,no-message,no-message,automatic,VAT Not Registered,SVAT Nor Registered,0.0,
res_partner_test_1773899049950_att_emp_attendance_em,test.1773899049950@test.example.com,0,[TEST-1773899049950]-ATT-EMP Attendance Employee,[TEST-1773899049950]-ATT-EMP Attendance Employee,en_US,Asia/Colombo,,1,contact,,,,,0.0,0.0,test.1773899049950@test.example.com,,,seed_master_data_and_settings.company_jinasena_pvt_ltd,0,1,,,,,2026-03-19 05:44:27,,0,,0.0,no-message,0,0,no-message,no-message,no-message,automatic,VAT Not Registered,SVAT Nor Registered,0.0,
res_partner_test_1773899104403_att_emp_attendance_em,test.1773899104403@test.example.com,0,[TEST-1773899104403]-ATT-EMP Attendance Employee,[TEST-1773899104403]-ATT-EMP Attendance Employee,en_US,Asia/Colombo,,1,contact,,,,,0.0,0.0,test.1773899104403@test.example.com,,,seed_master_data_and_settings.company_jinasena_pvt_ltd,0,1,,,,,2026-03-19 05:45:22,,0,,0.0,no-message,0,0,no-message,no-message,no-message,automatic,VAT Not Registered,SVAT Nor Registered,0.0,
res_partner_test_1773899147104_att_edge_attendance_e,test.1773899147104@test.example.com,0,[TEST-1773899147104]-ATT-EDGE Attendance Edge Employee,[TEST-1773899147104]-ATT-EDGE Attendance Edge Employee,en_US,Asia/Colombo,,1,contact,,,,,0.0,0.0,test.1773899147104@test.example.com,,,seed_master_data_and_settings.company_jinasena_pvt_ltd,0,1,,,,,2026-03-19 05:46:06,,0,,0.0,no-message,0,0,no-message,no-message,no-message,automatic,VAT Not Registered,SVAT Nor Registered,0.0,
res_partner_test_1773899226163_att_arch_archived_att,test.1773899226163@test.example.com,0,[TEST-1773899226163]-ATT-ARCH Archived Att Employee,[TEST-1773899226163]-ATT-ARCH Archived Att Employee,en_US,Asia/Colombo,,1,contact,,,,,0.0,0.0,test.1773899226163@test.example.com,,,seed_master_data_and_settings.company_jinasena_pvt_ltd,0,1,,,,,2026-03-19 05:47:24,,0,,0.0,no-message,0,0,no-message,no-message,no-message,automatic,VAT Not Registered,SVAT Nor Registered,0.0,
res_partner_test_1774338706801_apr_emp_appraisal_tes,test.1774338706801@test.example.com,0,[TEST-1774338706801]-APR-EMP Appraisal Test Employee,[TEST-1774338706801]-APR-EMP Appraisal Test Employee,en_US,Asia/Colombo,,1,contact,,,,,0.0,0.0,test.1774338706801@test.example.com,,,seed_master_data_and_settings.company_jinasena_pvt_ltd,0,1,,,,,2026-03-24 07:52:02,,0,,0.0,no-message,0,0,no-message,no-message,no-message,automatic,VAT Not Registered,SVAT Nor Registered,0.0,
res_partner_test_1774338716872_att_emp_attendance_em,test.1774338716872@test.example.com,0,[TEST-1774338716872]-ATT-EMP Attendance Employee,[TEST-1774338716872]-ATT-EMP Attendance Employee,en_US,Asia/Colombo,,1,contact,,,,,0.0,0.0,test.1774338716872@test.example.com,,,seed_master_data_and_settings.company_jinasena_pvt_ltd,0,1,,,,,2026-03-24 07:52:12,,0,,0.0,no-message,0,0,no-message,no-message,no-message,automatic,VAT Not Registered,SVAT Nor Registered,0.0,
res_partner_test_1774338742036_att_edge_attendance_e,test.1774338742036@test.example.com,0,[TEST-1774338742036]-ATT-EDGE Attendance Edge Employee,[TEST-1774338742036]-ATT-EDGE Attendance Edge Employee,en_US,Asia/Colombo,,1,contact,,,,,0.0,0.0,test.1774338742036@test.example.com,,,seed_master_data_and_settings.company_jinasena_pvt_ltd,0,1,,,,,2026-03-24 07:52:37,,0,,0.0,no-message,0,0,no-message,no-message,no-message,automatic,VAT Not Registered,SVAT Nor Registered,0.0,
res_partner_test_1774338820290_att_arch_archived_att,test.1774338820290@test.example.com,0,[TEST-1774338820290]-ATT-ARCH Archived Att Employee,[TEST-1774338820290]-ATT-ARCH Archived Att Employee,en_US,Asia/Colombo,,1,contact,,,,,0.0,0.0,test.1774338820290@test.example.com,,,seed_master_data_and_settings.company_jinasena_pvt_ltd,0,1,,,,,2026-03-24 07:53:56,,0,,0.0,no-message,0,0,no-message,no-message,no-message,automatic,VAT Not Registered,SVAT Nor Registered,0.0,
res_partner_test_1774338895551_contract_emp_contract,test.1774338895551@test.example.com,0,[TEST-1774338895551]-CONTRACT-EMP Contract Test Employee,[TEST-1774338895551]-CONTRACT-EMP Contract Test Employee,en_US,Asia/Colombo,,1,contact,,,,,0.0,0.0,test.1774338895551@test.example.com,,,seed_master_data_and_settings.company_jinasena_pvt_ltd,0,1,,,,,2026-03-24 07:55:11,,0,,0.0,no-message,0,0,no-message,no-message,no-message,automatic,VAT Not Registered,SVAT Nor Registered,0.0,
res_partner_test_1774338933326_contract_emp_contract,test.1774338933326@test.example.com,0,[TEST-1774338933326]-CONTRACT-EMP Contract Test Employee,[TEST-1774338933326]-CONTRACT-EMP Contract Test Employee,en_US,Asia/Colombo,,1,contact,,,,,0.0,0.0,test.1774338933326@test.example.com,,,seed_master_data_and_settings.company_jinasena_pvt_ltd,0,1,,,,,2026-03-24 07:55:49,,0,,0.0,no-message,0,0,no-message,no-message,no-message,automatic,VAT Not Registered,SVAT Nor Registered,0.0,
res_partner_test_1774338974471_contract_emp_contract,test.1774338974471@test.example.com,0,[TEST-1774338974471]-CONTRACT-EMP Contract Test Employee,[TEST-1774338974471]-CONTRACT-EMP Contract Test Employee,en_US,Asia/Colombo,,1,contact,,,,,0.0,0.0,test.1774338974471@test.example.com,,,seed_master_data_and_settings.company_jinasena_pvt_ltd,0,1,,,,,2026-03-24 07:56:30,,0,,0.0,no-message,0,0,no-message,no-message,no-message,automatic,VAT Not Registered,SVAT Nor Registered,0.0,
